[0.000000] (-) TimerEvent: {}
[0.000075] (rviz_plugin_tutorial_msgs) JobQueued: {'identifier': 'rviz_plugin_tutorial_msgs', 'dependencies': OrderedDict()}
[0.000092] (rviz_plugin_tutorial) JobQueued: {'identifier': 'rviz_plugin_tutorial', 'dependencies': OrderedDict([('rviz_plugin_tutorial_msgs', '/home/misys/ros2_ws/src/point_display/install/rviz_plugin_tutorial_msgs')])}
[0.000107] (rviz_plugin_tutorial_msgs) JobStarted: {'identifier': 'rviz_plugin_tutorial_msgs'}
[0.006313] (rviz_plugin_tutorial_msgs) JobProgress: {'identifier': 'rviz_plugin_tutorial_msgs', 'progress': 'cmake'}
[0.006616] (rviz_plugin_tutorial_msgs) Command: {'cmd': ['/usr/bin/cmake', '/home/misys/ros2_ws/src/point_display/rviz_plugin_tutorial/rviz_plugin_tutorial_msgs', '-DCMAKE_INSTALL_PREFIX=/home/misys/ros2_ws/src/point_display/install/rviz_plugin_tutorial_msgs'], 'cwd': '/home/misys/ros2_ws/src/point_display/build/rviz_plugin_tutorial_msgs', 'env': OrderedDict([('LESSOPEN', '| /usr/bin/lesspipe %s'), ('LANGUAGE', 'en_US:en'), ('USER', 'misys'), ('LC_TIME', 'ko_KR.UTF-8'), ('XDG_SESSION_TYPE', 'x11'), ('SHLVL', '1'), ('LD_LIBRARY_PATH', '/home/misys/ros2_ws/install/tutorial_interfaces/lib:/home/misys/ros2_ws/install/more_interfaces/lib:/home/misys/ros2_ws/install/morai_ros2_msgs/lib:/opt/ros/humble/opt/rviz_ogre_vendor/lib:/opt/ros/humble/lib/x86_64-linux-gnu:/opt/ros/humble/lib:/usr/local/cuda-12.2/lib64:'), ('HOME', '/home/misys'), ('OLDPWD', '/home/misys/ros2_ws'), ('DESKTOP_SESSION', 'ubuntu-xorg'), ('NVM_BIN', '/home/misys/.nvm/versions/node/v20.20.2/bin'), ('NVM_INC', '/home/misys/.nvm/versions/node/v20.20.2/include/node'), ('ROS_PYTHON_VERSION', '3'), ('GNOME_SHELL_SESSION_MODE', 'ubuntu'), ('GTK_MODULES', 'gail:atk-bridge'), ('XDG_SEAT_PATH', '/org/freedesktop/DisplayManager/Seat0'), ('LC_MONETARY', 'ko_KR.UTF-8'), ('SYSTEMD_EXEC_PID', '6997'), ('DBUS_SESSION_BUS_ADDRESS', 'unix:path=/run/user/1000/bus'), ('COLORTERM', 'truecolor'), ('NVM_DIR', '/home/misys/.nvm'), ('IM_CONFIG_PHASE', '1'), ('COLCON_PREFIX_PATH', '/home/misys/ros2_ws/install'), ('ROS_DISTRO', 'humble'), ('GTK_IM_MODULE', 'ibus'), ('LOGNAME', 'misys'), ('_', '/usr/bin/colcon'), ('ROS_VERSION', '2'), ('XDG_SESSION_CLASS', 'user'), ('TERM', 'xterm-256color'), ('GNOME_DESKTOP_SESSION_ID', 'this-is-deprecated'), ('ROS_LOCALHOST_ONLY', '0'), ('PATH', '/home/misys/.nvm/versions/node/v20.20.2/bin:/opt/ros/humble/bin:/usr/local/cuda-12.2/bin:/home/misys/.local/bin:/usr/local/sbin:/usr/local/bin:/usr/sbin:/usr/bin:/sbin:/bin:/usr/games:/usr/local/games:/snap/bin'), ('SESSION_MANAGER', 'local/misys-Legion:@/tmp/.ICE-unix/2025,unix/misys-Legion:/tmp/.ICE-unix/2025'), ('GDM_LANG', 'en_US'), ('PAPERSIZE', 'a4'), ('XDG_SESSION_PATH', '/org/freedesktop/DisplayManager/Session0'), ('XDG_MENU_PREFIX', 'gnome-'), ('LC_ADDRESS', 'ko_KR.UTF-8'), ('GNOME_TERMINAL_SCREEN', '/org/gnome/Terminal/screen/e8c92532_f520_42df_a086_348ce4a6ed3d'), ('KUBECONFIG', '/home/misys/.kube/config'), ('XDG_RUNTIME_DIR', '/run/user/1000'), ('DISPLAY', ':0'), ('LANG', 'en_US.UTF-8'), ('XDG_CURRENT_DESKTOP', 'ubuntu:GNOME'), ('LC_TELEPHONE', 'ko_KR.UTF-8'), ('RMW_IMPLEMENTATION', 'rmw_cyclonedds_cpp'), ('XMODIFIERS', '@im=ibus'), ('XDG_SESSION_DESKTOP', 'ubuntu-xorg'), ('XAUTHORITY', '/home/misys/.Xauthority'), ('LS_COLORS', 'rs=0:di=01;34:ln=01;36:mh=00:pi=40;33:so=01;35:do=01;35:bd=40;33;01:cd=40;33;01:or=40;31;01:mi=00:su=37;41:sg=30;43:ca=30;41:tw=30;42:ow=34;42:st=37;44:ex=01;32:*.tar=01;31:*.tgz=01;31:*.arc=01;31:*.arj=01;31:*.taz=01;31:*.lha=01;31:*.lz4=01;31:*.lzh=01;31:*.lzma=01;31:*.tlz=01;31:*.txz=01;31:*.tzo=01;31:*.t7z=01;31:*.zip=01;31:*.z=01;31:*.dz=01;31:*.gz=01;31:*.lrz=01;31:*.lz=01;31:*.lzo=01;31:*.xz=01;31:*.zst=01;31:*.tzst=01;31:*.bz2=01;31:*.bz=01;31:*.tbz=01;31:*.tbz2=01;31:*.tz=01;31:*.deb=01;31:*.rpm=01;31:*.jar=01;31:*.war=01;31:*.ear=01;31:*.sar=01;31:*.rar=01;31:*.alz=01;31:*.ace=01;31:*.zoo=01;31:*.cpio=01;31:*.7z=01;31:*.rz=01;31:*.cab=01;31:*.wim=01;31:*.swm=01;31:*.dwm=01;31:*.esd=01;31:*.jpg=01;35:*.jpeg=01;35:*.mjpg=01;35:*.mjpeg=01;35:*.gif=01;35:*.bmp=01;35:*.pbm=01;35:*.pgm=01;35:*.ppm=01;35:*.tga=01;35:*.xbm=01;35:*.xpm=01;35:*.tif=01;35:*.tiff=01;35:*.png=01;35:*.svg=01;35:*.svgz=01;35:*.mng=01;35:*.pcx=01;35:*.mov=01;35:*.mpg=01;35:*.mpeg=01;35:*.m2v=01;35:*.mkv=01;35:*.webm=01;35:*.webp=01;35:*.ogm=01;35:*.mp4=01;35:*.m4v=01;35:*.mp4v=01;35:*.vob=01;35:*.qt=01;35:*.nuv=01;35:*.wmv=01;35:*.asf=01;35:*.rm=01;35:*.rmvb=01;35:*.flc=01;35:*.avi=01;35:*.fli=01;35:*.flv=01;35:*.gl=01;35:*.dl=01;35:*.xcf=01;35:*.xwd=01;35:*.yuv=01;35:*.cgm=01;35:*.emf=01;35:*.ogv=01;35:*.ogx=01;35:*.aac=00;36:*.au=00;36:*.flac=00;36:*.m4a=00;36:*.mid=00;36:*.midi=00;36:*.mka=00;36:*.mp3=00;36:*.mpc=00;36:*.ogg=00;36:*.ra=00;36:*.wav=00;36:*.oga=00;36:*.opus=00;36:*.spx=00;36:*.xspf=00;36:'), ('GNOME_TERMINAL_SERVICE', ':1.100'), ('SSH_AGENT_LAUNCHER', 'gnome-keyring'), ('SSH_AUTH_SOCK', '/run/user/1000/keyring/ssh'), ('ROS_DOMAIN_ID', '77'), ('XDG_GREETER_DATA_DIR', '/var/lib/lightdm-data/misys'), ('AMENT_PREFIX_PATH', '/home/misys/ros2_ws/install/cpp_pubsub:/home/misys/ros2_ws/install/tutorial_interfaces:/home/misys/ros2_ws/install/more_interfaces:/home/misys/ros2_ws/install/morai_ros2_msgs:/home/misys/ros2_ws/install/cpp_parameters:/opt/ros/humble'), ('SHELL', '/bin/bash'), ('LC_NAME', 'ko_KR.UTF-8'), ('QT_ACCESSIBILITY', '1'), ('GDMSESSION', 'ubuntu-xorg'), ('LESSCLOSE', '/usr/bin/lesspipe %s %s'), ('LC_MEASUREMENT', 'ko_KR.UTF-8'), ('GPG_AGENT_INFO', '/run/user/1000/gnupg/S.gpg-agent:0:1'), ('LC_IDENTIFICATION', 'ko_KR.UTF-8'), ('QT_IM_MODULE', 'ibus'), ('PWD', '/home/misys/ros2_ws/src/point_display/build/rviz_plugin_tutorial_msgs'), ('LC_ALL', 'en_US.UTF-8'), ('XDG_CONFIG_DIRS', '/etc/xdg/xdg-ubuntu-xorg:/etc/xdg'), ('NVM_CD_FLAGS', ''), ('XDG_DATA_DIRS', '/usr/share/ubuntu-xorg:/usr/share/gnome:/usr/local/share:/usr/share:/var/lib/snapd/desktop'), ('PYTHONPATH', '/home/misys/ros2_ws/install/tutorial_interfaces/local/lib/python3.10/dist-packages:/home/misys/ros2_ws/install/more_interfaces/local/lib/python3.10/dist-packages:/home/misys/ros2_ws/install/morai_ros2_msgs/local/lib/python3.10/dist-packages:/opt/ros/humble/lib/python3.10/site-packages:/opt/ros/humble/local/lib/python3.10/dist-packages'), ('LC_NUMERIC', 'ko_KR.UTF-8'), ('LC_PAPER', 'ko_KR.UTF-8'), ('COLCON', '1'), ('VTE_VERSION', '6800'), ('CMAKE_PREFIX_PATH', '/home/misys/ros2_ws/install/cpp_pubsub:/home/misys/ros2_ws/install/tutorial_interfaces:/home/misys/ros2_ws/install/more_interfaces:/home/misys/ros2_ws/install/morai_ros2_msgs:/home/misys/ros2_ws/install/cpp_parameters:/opt/ros/humble')]), 'shell': False}
[0.064867] (rviz_plugin_tutorial_msgs) StdoutLine: {'line': b'-- The C compiler identification is GNU 11.4.0\n'}
[0.099731] (-) TimerEvent: {}
[0.123445] (rviz_plugin_tutorial_msgs) StdoutLine: {'line': b'-- The CXX compiler identification is GNU 11.4.0\n'}
[0.128784] (rviz_plugin_tutorial_msgs) StdoutLine: {'line': b'-- Detecting C compiler ABI info\n'}
[0.199912] (-) TimerEvent: {}
[0.203671] (rviz_plugin_tutorial_msgs) StdoutLine: {'line': b'-- Detecting C compiler ABI info - done\n'}
[0.213102] (rviz_plugin_tutorial_msgs) StdoutLine: {'line': b'-- Check for working C compiler: /usr/bin/cc - skipped\n'}
[0.213387] (rviz_plugin_tutorial_msgs) StdoutLine: {'line': b'-- Detecting C compile features\n'}
[0.213740] (rviz_plugin_tutorial_msgs) StdoutLine: {'line': b'-- Detecting C compile features - done\n'}
[0.217077] (rviz_plugin_tutorial_msgs) StdoutLine: {'line': b'-- Detecting CXX compiler ABI info\n'}
[0.300117] (-) TimerEvent: {}
[0.305016] (rviz_plugin_tutorial_msgs) StdoutLine: {'line': b'-- Detecting CXX compiler ABI info - done\n'}
[0.313911] (rviz_plugin_tutorial_msgs) StdoutLine: {'line': b'-- Check for working CXX compiler: /usr/bin/c++ - skipped\n'}
[0.314230] (rviz_plugin_tutorial_msgs) StdoutLine: {'line': b'-- Detecting CXX compile features\n'}
[0.314844] (rviz_plugin_tutorial_msgs) StdoutLine: {'line': b'-- Detecting CXX compile features - done\n'}
[0.317336] (rviz_plugin_tutorial_msgs) StdoutLine: {'line': b'-- Found ament_cmake: 1.3.14 (/opt/ros/humble/share/ament_cmake/cmake)\n'}
[0.400297] (-) TimerEvent: {}
[0.439692] (rviz_plugin_tutorial_msgs) StdoutLine: {'line': b'-- Found Python3: /usr/bin/python3 (found version "3.10.12") found components: Interpreter \n'}
[0.500474] (-) TimerEvent: {}
[0.519504] (rviz_plugin_tutorial_msgs) StdoutLine: {'line': b'-- Found rosidl_default_generators: 1.2.1 (/opt/ros/humble/share/rosidl_default_generators/cmake)\n'}
[0.524354] (rviz_plugin_tutorial_msgs) StdoutLine: {'line': b'-- Using all available rosidl_typesupport_c: rosidl_typesupport_fastrtps_c;rosidl_typesupport_introspection_c\n'}
[0.531263] (rviz_plugin_tutorial_msgs) StdoutLine: {'line': b'-- Found rosidl_adapter: 3.1.5 (/opt/ros/humble/share/rosidl_adapter/cmake)\n'}
[0.561712] (rviz_plugin_tutorial_msgs) StdoutLine: {'line': b'-- Using all available rosidl_typesupport_cpp: rosidl_typesupport_fastrtps_cpp;rosidl_typesupport_introspection_cpp\n'}
[0.588151] (rviz_plugin_tutorial_msgs) StdoutLine: {'line': b'-- Found std_msgs: 4.2.4 (/opt/ros/humble/share/std_msgs/cmake)\n'}
[0.600634] (-) TimerEvent: {}
[0.700920] (-) TimerEvent: {}
[0.801267] (-) TimerEvent: {}
[0.815989] (rviz_plugin_tutorial_msgs) StdoutLine: {'line': b'-- Found ament_cmake_ros: 0.10.0 (/opt/ros/humble/share/ament_cmake_ros/cmake)\n'}
[0.901451] (-) TimerEvent: {}
[0.990566] (rviz_plugin_tutorial_msgs) StdoutLine: {'line': b'-- Using all available rosidl_typesupport_c: rosidl_typesupport_fastrtps_c;rosidl_typesupport_introspection_c\n'}
[1.001612] (-) TimerEvent: {}
[1.101903] (-) TimerEvent: {}
[1.202295] (-) TimerEvent: {}
[1.241260] (rviz_plugin_tutorial_msgs) StdoutLine: {'line': b'-- Using all available rosidl_typesupport_cpp: rosidl_typesupport_fastrtps_cpp;rosidl_typesupport_introspection_cpp\n'}
[1.267359] (rviz_plugin_tutorial_msgs) StdoutLine: {'line': b'-- Found PythonInterp: /usr/bin/python3 (found suitable version "3.10.12", minimum required is "3.6") \n'}
[1.268493] (rviz_plugin_tutorial_msgs) StdoutLine: {'line': b'-- Found python_cmake_module: 0.10.0 (/opt/ros/humble/share/python_cmake_module/cmake)\n'}
[1.287838] (rviz_plugin_tutorial_msgs) StdoutLine: {'line': b'-- Found PythonLibs: /usr/lib/x86_64-linux-gnu/libpython3.10.so (found suitable version "3.10.12", minimum required is "3.5") \n'}
[1.287920] (rviz_plugin_tutorial_msgs) StdoutLine: {'line': b'-- Using PYTHON_EXECUTABLE: /usr/bin/python3\n'}
[1.287957] (rviz_plugin_tutorial_msgs) StdoutLine: {'line': b'-- Using PYTHON_INCLUDE_DIRS: /usr/include/python3.10\n'}
[1.287997] (rviz_plugin_tutorial_msgs) StdoutLine: {'line': b'-- Using PYTHON_LIBRARIES: /usr/lib/x86_64-linux-gnu/libpython3.10.so\n'}
[1.302460] (-) TimerEvent: {}
[1.308456] (rviz_plugin_tutorial_msgs) StdoutLine: {'line': b'-- Found PythonExtra: .so  \n'}
[1.402641] (-) TimerEvent: {}
[1.423799] (rviz_plugin_tutorial_msgs) StdoutLine: {'line': b'-- Found ament_lint_auto: 0.12.11 (/opt/ros/humble/share/ament_lint_auto/cmake)\n'}
[1.452734] (rviz_plugin_tutorial_msgs) StdoutLine: {'line': b"-- Added test 'copyright' to check source files copyright and LICENSE\n"}
[1.454214] (rviz_plugin_tutorial_msgs) StdoutLine: {'line': b"-- Added test 'lint_cmake' to check CMake code style\n"}
[1.455079] (rviz_plugin_tutorial_msgs) StdoutLine: {'line': b"-- Added test 'xmllint' to check XML markup files\n"}
[1.456706] (rviz_plugin_tutorial_msgs) StdoutLine: {'line': b'-- Configuring done\n'}
[1.474617] (rviz_plugin_tutorial_msgs) StdoutLine: {'line': b'-- Generating done\n'}
[1.476218] (rviz_plugin_tutorial_msgs) StdoutLine: {'line': b'-- Build files have been written to: /home/misys/ros2_ws/src/point_display/build/rviz_plugin_tutorial_msgs\n'}
[1.480216] (rviz_plugin_tutorial_msgs) CommandEnded: {'returncode': 0}
[1.480454] (rviz_plugin_tutorial_msgs) JobProgress: {'identifier': 'rviz_plugin_tutorial_msgs', 'progress': 'build'}
[1.481439] (rviz_plugin_tutorial_msgs) Command: {'cmd': ['/usr/bin/cmake', '--build', '/home/misys/ros2_ws/src/point_display/build/rviz_plugin_tutorial_msgs', '--', '-j32', '-l32'], 'cwd': '/home/misys/ros2_ws/src/point_display/build/rviz_plugin_tutorial_msgs', 'env': OrderedDict([('LESSOPEN', '| /usr/bin/lesspipe %s'), ('LANGUAGE', 'en_US:en'), ('USER', 'misys'), ('LC_TIME', 'ko_KR.UTF-8'), ('XDG_SESSION_TYPE', 'x11'), ('SHLVL', '1'), ('LD_LIBRARY_PATH', '/home/misys/ros2_ws/install/tutorial_interfaces/lib:/home/misys/ros2_ws/install/more_interfaces/lib:/home/misys/ros2_ws/install/morai_ros2_msgs/lib:/opt/ros/humble/opt/rviz_ogre_vendor/lib:/opt/ros/humble/lib/x86_64-linux-gnu:/opt/ros/humble/lib:/usr/local/cuda-12.2/lib64:'), ('HOME', '/home/misys'), ('OLDPWD', '/home/misys/ros2_ws'), ('DESKTOP_SESSION', 'ubuntu-xorg'), ('NVM_BIN', '/home/misys/.nvm/versions/node/v20.20.2/bin'), ('NVM_INC', '/home/misys/.nvm/versions/node/v20.20.2/include/node'), ('ROS_PYTHON_VERSION', '3'), ('GNOME_SHELL_SESSION_MODE', 'ubuntu'), ('GTK_MODULES', 'gail:atk-bridge'), ('XDG_SEAT_PATH', '/org/freedesktop/DisplayManager/Seat0'), ('LC_MONETARY', 'ko_KR.UTF-8'), ('SYSTEMD_EXEC_PID', '6997'), ('DBUS_SESSION_BUS_ADDRESS', 'unix:path=/run/user/1000/bus'), ('COLORTERM', 'truecolor'), ('NVM_DIR', '/home/misys/.nvm'), ('IM_CONFIG_PHASE', '1'), ('COLCON_PREFIX_PATH', '/home/misys/ros2_ws/install'), ('ROS_DISTRO', 'humble'), ('GTK_IM_MODULE', 'ibus'), ('LOGNAME', 'misys'), ('_', '/usr/bin/colcon'), ('ROS_VERSION', '2'), ('XDG_SESSION_CLASS', 'user'), ('TERM', 'xterm-256color'), ('GNOME_DESKTOP_SESSION_ID', 'this-is-deprecated'), ('ROS_LOCALHOST_ONLY', '0'), ('PATH', '/home/misys/.nvm/versions/node/v20.20.2/bin:/opt/ros/humble/bin:/usr/local/cuda-12.2/bin:/home/misys/.local/bin:/usr/local/sbin:/usr/local/bin:/usr/sbin:/usr/bin:/sbin:/bin:/usr/games:/usr/local/games:/snap/bin'), ('SESSION_MANAGER', 'local/misys-Legion:@/tmp/.ICE-unix/2025,unix/misys-Legion:/tmp/.ICE-unix/2025'), ('GDM_LANG', 'en_US'), ('PAPERSIZE', 'a4'), ('XDG_SESSION_PATH', '/org/freedesktop/DisplayManager/Session0'), ('XDG_MENU_PREFIX', 'gnome-'), ('LC_ADDRESS', 'ko_KR.UTF-8'), ('GNOME_TERMINAL_SCREEN', '/org/gnome/Terminal/screen/e8c92532_f520_42df_a086_348ce4a6ed3d'), ('KUBECONFIG', '/home/misys/.kube/config'), ('XDG_RUNTIME_DIR', '/run/user/1000'), ('DISPLAY', ':0'), ('LANG', 'en_US.UTF-8'), ('XDG_CURRENT_DESKTOP', 'ubuntu:GNOME'), ('LC_TELEPHONE', 'ko_KR.UTF-8'), ('RMW_IMPLEMENTATION', 'rmw_cyclonedds_cpp'), ('XMODIFIERS', '@im=ibus'), ('XDG_SESSION_DESKTOP', 'ubuntu-xorg'), ('XAUTHORITY', '/home/misys/.Xauthority'), ('LS_COLORS', 'rs=0:di=01;34:ln=01;36:mh=00:pi=40;33:so=01;35:do=01;35:bd=40;33;01:cd=40;33;01:or=40;31;01:mi=00:su=37;41:sg=30;43:ca=30;41:tw=30;42:ow=34;42:st=37;44:ex=01;32:*.tar=01;31:*.tgz=01;31:*.arc=01;31:*.arj=01;31:*.taz=01;31:*.lha=01;31:*.lz4=01;31:*.lzh=01;31:*.lzma=01;31:*.tlz=01;31:*.txz=01;31:*.tzo=01;31:*.t7z=01;31:*.zip=01;31:*.z=01;31:*.dz=01;31:*.gz=01;31:*.lrz=01;31:*.lz=01;31:*.lzo=01;31:*.xz=01;31:*.zst=01;31:*.tzst=01;31:*.bz2=01;31:*.bz=01;31:*.tbz=01;31:*.tbz2=01;31:*.tz=01;31:*.deb=01;31:*.rpm=01;31:*.jar=01;31:*.war=01;31:*.ear=01;31:*.sar=01;31:*.rar=01;31:*.alz=01;31:*.ace=01;31:*.zoo=01;31:*.cpio=01;31:*.7z=01;31:*.rz=01;31:*.cab=01;31:*.wim=01;31:*.swm=01;31:*.dwm=01;31:*.esd=01;31:*.jpg=01;35:*.jpeg=01;35:*.mjpg=01;35:*.mjpeg=01;35:*.gif=01;35:*.bmp=01;35:*.pbm=01;35:*.pgm=01;35:*.ppm=01;35:*.tga=01;35:*.xbm=01;35:*.xpm=01;35:*.tif=01;35:*.tiff=01;35:*.png=01;35:*.svg=01;35:*.svgz=01;35:*.mng=01;35:*.pcx=01;35:*.mov=01;35:*.mpg=01;35:*.mpeg=01;35:*.m2v=01;35:*.mkv=01;35:*.webm=01;35:*.webp=01;35:*.ogm=01;35:*.mp4=01;35:*.m4v=01;35:*.mp4v=01;35:*.vob=01;35:*.qt=01;35:*.nuv=01;35:*.wmv=01;35:*.asf=01;35:*.rm=01;35:*.rmvb=01;35:*.flc=01;35:*.avi=01;35:*.fli=01;35:*.flv=01;35:*.gl=01;35:*.dl=01;35:*.xcf=01;35:*.xwd=01;35:*.yuv=01;35:*.cgm=01;35:*.emf=01;35:*.ogv=01;35:*.ogx=01;35:*.aac=00;36:*.au=00;36:*.flac=00;36:*.m4a=00;36:*.mid=00;36:*.midi=00;36:*.mka=00;36:*.mp3=00;36:*.mpc=00;36:*.ogg=00;36:*.ra=00;36:*.wav=00;36:*.oga=00;36:*.opus=00;36:*.spx=00;36:*.xspf=00;36:'), ('GNOME_TERMINAL_SERVICE', ':1.100'), ('SSH_AGENT_LAUNCHER', 'gnome-keyring'), ('SSH_AUTH_SOCK', '/run/user/1000/keyring/ssh'), ('ROS_DOMAIN_ID', '77'), ('XDG_GREETER_DATA_DIR', '/var/lib/lightdm-data/misys'), ('AMENT_PREFIX_PATH', '/home/misys/ros2_ws/install/cpp_pubsub:/home/misys/ros2_ws/install/tutorial_interfaces:/home/misys/ros2_ws/install/more_interfaces:/home/misys/ros2_ws/install/morai_ros2_msgs:/home/misys/ros2_ws/install/cpp_parameters:/opt/ros/humble'), ('SHELL', '/bin/bash'), ('LC_NAME', 'ko_KR.UTF-8'), ('QT_ACCESSIBILITY', '1'), ('GDMSESSION', 'ubuntu-xorg'), ('LESSCLOSE', '/usr/bin/lesspipe %s %s'), ('LC_MEASUREMENT', 'ko_KR.UTF-8'), ('GPG_AGENT_INFO', '/run/user/1000/gnupg/S.gpg-agent:0:1'), ('LC_IDENTIFICATION', 'ko_KR.UTF-8'), ('QT_IM_MODULE', 'ibus'), ('PWD', '/home/misys/ros2_ws/src/point_display/build/rviz_plugin_tutorial_msgs'), ('LC_ALL', 'en_US.UTF-8'), ('XDG_CONFIG_DIRS', '/etc/xdg/xdg-ubuntu-xorg:/etc/xdg'), ('NVM_CD_FLAGS', ''), ('XDG_DATA_DIRS', '/usr/share/ubuntu-xorg:/usr/share/gnome:/usr/local/share:/usr/share:/var/lib/snapd/desktop'), ('PYTHONPATH', '/home/misys/ros2_ws/install/tutorial_interfaces/local/lib/python3.10/dist-packages:/home/misys/ros2_ws/install/more_interfaces/local/lib/python3.10/dist-packages:/home/misys/ros2_ws/install/morai_ros2_msgs/local/lib/python3.10/dist-packages:/opt/ros/humble/lib/python3.10/site-packages:/opt/ros/humble/local/lib/python3.10/dist-packages'), ('LC_NUMERIC', 'ko_KR.UTF-8'), ('LC_PAPER', 'ko_KR.UTF-8'), ('COLCON', '1'), ('VTE_VERSION', '6800'), ('CMAKE_PREFIX_PATH', '/home/misys/ros2_ws/install/cpp_pubsub:/home/misys/ros2_ws/install/tutorial_interfaces:/home/misys/ros2_ws/install/more_interfaces:/home/misys/ros2_ws/install/morai_ros2_msgs:/home/misys/ros2_ws/install/cpp_parameters:/opt/ros/humble')]), 'shell': False}
[1.502837] (-) TimerEvent: {}
[1.522734] (rviz_plugin_tutorial_msgs) StdoutLine: {'line': b'[  3%] \x1b[34m\x1b[1mGenerating C code for ROS interfaces\x1b[0m\n'}
[1.533298] (rviz_plugin_tutorial_msgs) StdoutLine: {'line': b'[  6%] \x1b[34m\x1b[1mGenerating C++ code for ROS interfaces\x1b[0m\n'}
[1.534190] (rviz_plugin_tutorial_msgs) StdoutLine: {'line': b'[  9%] \x1b[34m\x1b[1mGenerating Rust code for ROS interfaces\x1b[0m\n'}
[1.542844] (rviz_plugin_tutorial_msgs) StdoutLine: {'line': b'[  9%] Built target ament_cmake_python_copy_rviz_plugin_tutorial_msgs\n'}
[1.603013] (-) TimerEvent: {}
[1.687121] (rviz_plugin_tutorial_msgs) StdoutLine: {'line': b'[  9%] Built target rviz_plugin_tutorial_msgs__rs\n'}
[1.689830] (rviz_plugin_tutorial_msgs) StdoutLine: {'line': b'[  9%] Built target rviz_plugin_tutorial_msgs__cpp\n'}
[1.696283] (rviz_plugin_tutorial_msgs) StdoutLine: {'line': b'[ 12%] \x1b[32mBuilding C object CMakeFiles/rviz_plugin_tutorial_msgs__rosidl_generator_c.dir/rosidl_generator_c/rviz_plugin_tutorial_msgs/msg/detail/point2_d__functions.c.o\x1b[0m\n'}
[1.697939] (rviz_plugin_tutorial_msgs) StdoutLine: {'line': b'[ 15%] \x1b[34m\x1b[1mGenerating C++ type support for eProsima Fast-RTPS\x1b[0m\n'}
[1.699191] (rviz_plugin_tutorial_msgs) StdoutLine: {'line': b'[ 18%] \x1b[34m\x1b[1mGenerating C++ introspection for ROS interfaces\x1b[0m\n'}
[1.699418] (rviz_plugin_tutorial_msgs) StdoutLine: {'line': b'[ 21%] \x1b[34m\x1b[1mGenerating C++ type support dispatch for ROS interfaces\x1b[0m\n'}
[1.703206] (-) TimerEvent: {}
[1.711865] (rviz_plugin_tutorial_msgs) StdoutLine: {'line': b'running egg_info\n'}
[1.712334] (rviz_plugin_tutorial_msgs) StdoutLine: {'line': b'creating rviz_plugin_tutorial_msgs.egg-info\n'}
[1.712517] (rviz_plugin_tutorial_msgs) StdoutLine: {'line': b'writing rviz_plugin_tutorial_msgs.egg-info/PKG-INFO\n'}
[1.712628] (rviz_plugin_tutorial_msgs) StdoutLine: {'line': b'writing dependency_links to rviz_plugin_tutorial_msgs.egg-info/dependency_links.txt\n'}
[1.712696] (rviz_plugin_tutorial_msgs) StdoutLine: {'line': b'writing top-level names to rviz_plugin_tutorial_msgs.egg-info/top_level.txt\n'}
[1.712757] (rviz_plugin_tutorial_msgs) StdoutLine: {'line': b"writing manifest file 'rviz_plugin_tutorial_msgs.egg-info/SOURCES.txt'\n"}
[1.714371] (rviz_plugin_tutorial_msgs) StdoutLine: {'line': b"reading manifest file 'rviz_plugin_tutorial_msgs.egg-info/SOURCES.txt'\n"}
[1.714571] (rviz_plugin_tutorial_msgs) StdoutLine: {'line': b"writing manifest file 'rviz_plugin_tutorial_msgs.egg-info/SOURCES.txt'\n"}
[1.733920] (rviz_plugin_tutorial_msgs) StdoutLine: {'line': b'[ 21%] Built target ament_cmake_python_build_rviz_plugin_tutorial_msgs_egg\n'}
[1.736450] (rviz_plugin_tutorial_msgs) StdoutLine: {'line': b'[ 25%] \x1b[32m\x1b[1mLinking C shared library librviz_plugin_tutorial_msgs__rosidl_generator_c.so\x1b[0m\n'}
[1.770550] (rviz_plugin_tutorial_msgs) StdoutLine: {'line': b'[ 25%] Built target rviz_plugin_tutorial_msgs__rosidl_generator_c\n'}
[1.780134] (rviz_plugin_tutorial_msgs) StdoutLine: {'line': b'[ 28%] \x1b[34m\x1b[1mGenerating C type support for eProsima Fast-RTPS\x1b[0m\n'}
[1.780426] (rviz_plugin_tutorial_msgs) StdoutLine: {'line': b'[ 31%] \x1b[34m\x1b[1mGenerating C introspection for ROS interfaces\x1b[0m\n'}
[1.780784] (rviz_plugin_tutorial_msgs) StdoutLine: {'line': b'[ 34%] \x1b[34m\x1b[1mGenerating C type support dispatch for ROS interfaces\x1b[0m\n'}
[1.803265] (-) TimerEvent: {}
[1.847078] (rviz_plugin_tutorial_msgs) StdoutLine: {'line': b'[ 37%] \x1b[32mBuilding CXX object CMakeFiles/rviz_plugin_tutorial_msgs__rosidl_typesupport_cpp.dir/rosidl_typesupport_cpp/rviz_plugin_tutorial_msgs/msg/point2_d__type_support.cpp.o\x1b[0m\n'}
[1.857189] (rviz_plugin_tutorial_msgs) StdoutLine: {'line': b'[ 40%] \x1b[32mBuilding CXX object CMakeFiles/rviz_plugin_tutorial_msgs__rosidl_typesupport_introspection_cpp.dir/rosidl_typesupport_introspection_cpp/rviz_plugin_tutorial_msgs/msg/detail/point2_d__type_support.cpp.o\x1b[0m\n'}
[1.857409] (rviz_plugin_tutorial_msgs) StdoutLine: {'line': b'[ 43%] \x1b[32mBuilding CXX object CMakeFiles/rviz_plugin_tutorial_msgs__rosidl_typesupport_fastrtps_cpp.dir/rosidl_typesupport_fastrtps_cpp/rviz_plugin_tutorial_msgs/msg/detail/dds_fastrtps/point2_d__type_support.cpp.o\x1b[0m\n'}
[1.903465] (-) TimerEvent: {}
[1.928622] (rviz_plugin_tutorial_msgs) StdoutLine: {'line': b'[ 46%] \x1b[32mBuilding CXX object CMakeFiles/rviz_plugin_tutorial_msgs__rosidl_typesupport_c.dir/rosidl_typesupport_c/rviz_plugin_tutorial_msgs/msg/point2_d__type_support.cpp.o\x1b[0m\n'}
[1.943393] (rviz_plugin_tutorial_msgs) StdoutLine: {'line': b'[ 50%] \x1b[32mBuilding C object CMakeFiles/rviz_plugin_tutorial_msgs__rosidl_typesupport_introspection_c.dir/rosidl_typesupport_introspection_c/rviz_plugin_tutorial_msgs/msg/detail/point2_d__type_support.c.o\x1b[0m\n'}
[1.943572] (rviz_plugin_tutorial_msgs) StdoutLine: {'line': b'[ 53%] \x1b[32mBuilding CXX object CMakeFiles/rviz_plugin_tutorial_msgs__rosidl_typesupport_fastrtps_c.dir/rosidl_typesupport_fastrtps_c/rviz_plugin_tutorial_msgs/msg/detail/point2_d__type_support_c.cpp.o\x1b[0m\n'}
[1.952428] (rviz_plugin_tutorial_msgs) StdoutLine: {'line': b'[ 56%] \x1b[32m\x1b[1mLinking CXX shared library librviz_plugin_tutorial_msgs__rosidl_typesupport_c.so\x1b[0m\n'}
[1.970621] (rviz_plugin_tutorial_msgs) StdoutLine: {'line': b'[ 59%] \x1b[32m\x1b[1mLinking C shared library librviz_plugin_tutorial_msgs__rosidl_typesupport_introspection_c.so\x1b[0m\n'}
[1.987890] (rviz_plugin_tutorial_msgs) StdoutLine: {'line': b'[ 59%] Built target rviz_plugin_tutorial_msgs__rosidl_typesupport_c\n'}
[1.994896] (rviz_plugin_tutorial_msgs) StdoutLine: {'line': b'[ 62%] \x1b[32m\x1b[1mLinking CXX shared library librviz_plugin_tutorial_msgs__rosidl_typesupport_cpp.so\x1b[0m\n'}
[1.999759] (rviz_plugin_tutorial_msgs) StdoutLine: {'line': b'[ 62%] Built target rviz_plugin_tutorial_msgs__rosidl_typesupport_introspection_c\n'}
[2.003620] (-) TimerEvent: {}
[2.027558] (rviz_plugin_tutorial_msgs) StdoutLine: {'line': b'[ 62%] Built target rviz_plugin_tutorial_msgs__rosidl_typesupport_cpp\n'}
[2.072898] (rviz_plugin_tutorial_msgs) StdoutLine: {'line': b'[ 65%] \x1b[32m\x1b[1mLinking CXX shared library librviz_plugin_tutorial_msgs__rosidl_typesupport_introspection_cpp.so\x1b[0m\n'}
[2.074613] (rviz_plugin_tutorial_msgs) StdoutLine: {'line': b'[ 68%] \x1b[32m\x1b[1mLinking CXX shared library librviz_plugin_tutorial_msgs__rosidl_typesupport_fastrtps_cpp.so\x1b[0m\n'}
[2.103830] (-) TimerEvent: {}
[2.117461] (rviz_plugin_tutorial_msgs) StdoutLine: {'line': b'[ 68%] Built target rviz_plugin_tutorial_msgs__rosidl_typesupport_introspection_cpp\n'}
[2.127930] (rviz_plugin_tutorial_msgs) StdoutLine: {'line': b'[ 68%] Built target rviz_plugin_tutorial_msgs__rosidl_typesupport_fastrtps_cpp\n'}
[2.128945] (rviz_plugin_tutorial_msgs) StdoutLine: {'line': b'[ 71%] \x1b[32m\x1b[1mLinking CXX shared library librviz_plugin_tutorial_msgs__rosidl_typesupport_fastrtps_c.so\x1b[0m\n'}
[2.184063] (rviz_plugin_tutorial_msgs) StdoutLine: {'line': b'[ 71%] Built target rviz_plugin_tutorial_msgs__rosidl_typesupport_fastrtps_c\n'}
[2.204005] (-) TimerEvent: {}
[2.208514] (rviz_plugin_tutorial_msgs) StdoutLine: {'line': b'[ 71%] Built target rviz_plugin_tutorial_msgs\n'}
[2.231868] (rviz_plugin_tutorial_msgs) StdoutLine: {'line': b'[ 75%] \x1b[34m\x1b[1mGenerating Python code for ROS interfaces\x1b[0m\n'}
[2.304211] (-) TimerEvent: {}
[2.404494] (-) TimerEvent: {}
[2.422209] (rviz_plugin_tutorial_msgs) StdoutLine: {'line': b'[ 75%] Built target rviz_plugin_tutorial_msgs__py\n'}
[2.447795] (rviz_plugin_tutorial_msgs) StdoutLine: {'line': b'[ 78%] \x1b[32mBuilding C object CMakeFiles/rviz_plugin_tutorial_msgs__rosidl_generator_py.dir/rosidl_generator_py/rviz_plugin_tutorial_msgs/msg/_point2_d_s.c.o\x1b[0m\n'}
[2.504689] (-) TimerEvent: {}
[2.535458] (rviz_plugin_tutorial_msgs) StdoutLine: {'line': b'[ 81%] \x1b[32m\x1b[1mLinking C shared library rosidl_generator_py/rviz_plugin_tutorial_msgs/librviz_plugin_tutorial_msgs__rosidl_generator_py.so\x1b[0m\n'}
[2.579698] (rviz_plugin_tutorial_msgs) StdoutLine: {'line': b'[ 81%] Built target rviz_plugin_tutorial_msgs__rosidl_generator_py\n'}
[2.600315] (rviz_plugin_tutorial_msgs) StdoutLine: {'line': b'[ 84%] \x1b[32mBuilding C object CMakeFiles/rviz_plugin_tutorial_msgs__rosidl_typesupport_c__pyext.dir/rosidl_generator_py/rviz_plugin_tutorial_msgs/_rviz_plugin_tutorial_msgs_s.ep.rosidl_typesupport_c.c.o\x1b[0m\n'}
[2.601137] (rviz_plugin_tutorial_msgs) StdoutLine: {'line': b'[ 87%] \x1b[32mBuilding C object CMakeFiles/rviz_plugin_tutorial_msgs__rosidl_typesupport_introspection_c__pyext.dir/rosidl_generator_py/rviz_plugin_tutorial_msgs/_rviz_plugin_tutorial_msgs_s.ep.rosidl_typesupport_introspection_c.c.o\x1b[0m\n'}
[2.601757] (rviz_plugin_tutorial_msgs) StdoutLine: {'line': b'[ 90%] \x1b[32mBuilding C object CMakeFiles/rviz_plugin_tutorial_msgs__rosidl_typesupport_fastrtps_c__pyext.dir/rosidl_generator_py/rviz_plugin_tutorial_msgs/_rviz_plugin_tutorial_msgs_s.ep.rosidl_typesupport_fastrtps_c.c.o\x1b[0m\n'}
[2.604843] (-) TimerEvent: {}
[2.663756] (rviz_plugin_tutorial_msgs) StdoutLine: {'line': b'[ 93%] \x1b[32m\x1b[1mLinking C shared library rosidl_generator_py/rviz_plugin_tutorial_msgs/rviz_plugin_tutorial_msgs_s__rosidl_typesupport_c.cpython-310-x86_64-linux-gnu.so\x1b[0m\n'}
[2.666297] (rviz_plugin_tutorial_msgs) StdoutLine: {'line': b'[ 96%] \x1b[32m\x1b[1mLinking C shared library rosidl_generator_py/rviz_plugin_tutorial_msgs/rviz_plugin_tutorial_msgs_s__rosidl_typesupport_introspection_c.cpython-310-x86_64-linux-gnu.so\x1b[0m\n'}
[2.669364] (rviz_plugin_tutorial_msgs) StdoutLine: {'line': b'[100%] \x1b[32m\x1b[1mLinking C shared library rosidl_generator_py/rviz_plugin_tutorial_msgs/rviz_plugin_tutorial_msgs_s__rosidl_typesupport_fastrtps_c.cpython-310-x86_64-linux-gnu.so\x1b[0m\n'}
[2.698961] (rviz_plugin_tutorial_msgs) StdoutLine: {'line': b'[100%] Built target rviz_plugin_tutorial_msgs__rosidl_typesupport_fastrtps_c__pyext\n'}
[2.699089] (rviz_plugin_tutorial_msgs) StdoutLine: {'line': b'[100%] Built target rviz_plugin_tutorial_msgs__rosidl_typesupport_c__pyext\n'}
[2.699610] (rviz_plugin_tutorial_msgs) StdoutLine: {'line': b'[100%] Built target rviz_plugin_tutorial_msgs__rosidl_typesupport_introspection_c__pyext\n'}
[2.705013] (-) TimerEvent: {}
[2.707761] (rviz_plugin_tutorial_msgs) CommandEnded: {'returncode': 0}
[2.797639] (rviz_plugin_tutorial_msgs) JobProgress: {'identifier': 'rviz_plugin_tutorial_msgs', 'progress': 'install'}
[2.805140] (-) TimerEvent: {}
[2.807746] (rviz_plugin_tutorial_msgs) Command: {'cmd': ['/usr/bin/cmake', '--install', '/home/misys/ros2_ws/src/point_display/build/rviz_plugin_tutorial_msgs'], 'cwd': '/home/misys/ros2_ws/src/point_display/build/rviz_plugin_tutorial_msgs', 'env': OrderedDict([('LESSOPEN', '| /usr/bin/lesspipe %s'), ('LANGUAGE', 'en_US:en'), ('USER', 'misys'), ('LC_TIME', 'ko_KR.UTF-8'), ('XDG_SESSION_TYPE', 'x11'), ('SHLVL', '1'), ('LD_LIBRARY_PATH', '/home/misys/ros2_ws/install/tutorial_interfaces/lib:/home/misys/ros2_ws/install/more_interfaces/lib:/home/misys/ros2_ws/install/morai_ros2_msgs/lib:/opt/ros/humble/opt/rviz_ogre_vendor/lib:/opt/ros/humble/lib/x86_64-linux-gnu:/opt/ros/humble/lib:/usr/local/cuda-12.2/lib64:'), ('HOME', '/home/misys'), ('OLDPWD', '/home/misys/ros2_ws'), ('DESKTOP_SESSION', 'ubuntu-xorg'), ('NVM_BIN', '/home/misys/.nvm/versions/node/v20.20.2/bin'), ('NVM_INC', '/home/misys/.nvm/versions/node/v20.20.2/include/node'), ('ROS_PYTHON_VERSION', '3'), ('GNOME_SHELL_SESSION_MODE', 'ubuntu'), ('GTK_MODULES', 'gail:atk-bridge'), ('XDG_SEAT_PATH', '/org/freedesktop/DisplayManager/Seat0'), ('LC_MONETARY', 'ko_KR.UTF-8'), ('SYSTEMD_EXEC_PID', '6997'), ('DBUS_SESSION_BUS_ADDRESS', 'unix:path=/run/user/1000/bus'), ('COLORTERM', 'truecolor'), ('NVM_DIR', '/home/misys/.nvm'), ('IM_CONFIG_PHASE', '1'), ('COLCON_PREFIX_PATH', '/home/misys/ros2_ws/install'), ('ROS_DISTRO', 'humble'), ('GTK_IM_MODULE', 'ibus'), ('LOGNAME', 'misys'), ('_', '/usr/bin/colcon'), ('ROS_VERSION', '2'), ('XDG_SESSION_CLASS', 'user'), ('TERM', 'xterm-256color'), ('GNOME_DESKTOP_SESSION_ID', 'this-is-deprecated'), ('ROS_LOCALHOST_ONLY', '0'), ('PATH', '/home/misys/.nvm/versions/node/v20.20.2/bin:/opt/ros/humble/bin:/usr/local/cuda-12.2/bin:/home/misys/.local/bin:/usr/local/sbin:/usr/local/bin:/usr/sbin:/usr/bin:/sbin:/bin:/usr/games:/usr/local/games:/snap/bin'), ('SESSION_MANAGER', 'local/misys-Legion:@/tmp/.ICE-unix/2025,unix/misys-Legion:/tmp/.ICE-unix/2025'), ('GDM_LANG', 'en_US'), ('PAPERSIZE', 'a4'), ('XDG_SESSION_PATH', '/org/freedesktop/DisplayManager/Session0'), ('XDG_MENU_PREFIX', 'gnome-'), ('LC_ADDRESS', 'ko_KR.UTF-8'), ('GNOME_TERMINAL_SCREEN', '/org/gnome/Terminal/screen/e8c92532_f520_42df_a086_348ce4a6ed3d'), ('KUBECONFIG', '/home/misys/.kube/config'), ('XDG_RUNTIME_DIR', '/run/user/1000'), ('DISPLAY', ':0'), ('LANG', 'en_US.UTF-8'), ('XDG_CURRENT_DESKTOP', 'ubuntu:GNOME'), ('LC_TELEPHONE', 'ko_KR.UTF-8'), ('RMW_IMPLEMENTATION', 'rmw_cyclonedds_cpp'), ('XMODIFIERS', '@im=ibus'), ('XDG_SESSION_DESKTOP', 'ubuntu-xorg'), ('XAUTHORITY', '/home/misys/.Xauthority'), ('LS_COLORS', 'rs=0:di=01;34:ln=01;36:mh=00:pi=40;33:so=01;35:do=01;35:bd=40;33;01:cd=40;33;01:or=40;31;01:mi=00:su=37;41:sg=30;43:ca=30;41:tw=30;42:ow=34;42:st=37;44:ex=01;32:*.tar=01;31:*.tgz=01;31:*.arc=01;31:*.arj=01;31:*.taz=01;31:*.lha=01;31:*.lz4=01;31:*.lzh=01;31:*.lzma=01;31:*.tlz=01;31:*.txz=01;31:*.tzo=01;31:*.t7z=01;31:*.zip=01;31:*.z=01;31:*.dz=01;31:*.gz=01;31:*.lrz=01;31:*.lz=01;31:*.lzo=01;31:*.xz=01;31:*.zst=01;31:*.tzst=01;31:*.bz2=01;31:*.bz=01;31:*.tbz=01;31:*.tbz2=01;31:*.tz=01;31:*.deb=01;31:*.rpm=01;31:*.jar=01;31:*.war=01;31:*.ear=01;31:*.sar=01;31:*.rar=01;31:*.alz=01;31:*.ace=01;31:*.zoo=01;31:*.cpio=01;31:*.7z=01;31:*.rz=01;31:*.cab=01;31:*.wim=01;31:*.swm=01;31:*.dwm=01;31:*.esd=01;31:*.jpg=01;35:*.jpeg=01;35:*.mjpg=01;35:*.mjpeg=01;35:*.gif=01;35:*.bmp=01;35:*.pbm=01;35:*.pgm=01;35:*.ppm=01;35:*.tga=01;35:*.xbm=01;35:*.xpm=01;35:*.tif=01;35:*.tiff=01;35:*.png=01;35:*.svg=01;35:*.svgz=01;35:*.mng=01;35:*.pcx=01;35:*.mov=01;35:*.mpg=01;35:*.mpeg=01;35:*.m2v=01;35:*.mkv=01;35:*.webm=01;35:*.webp=01;35:*.ogm=01;35:*.mp4=01;35:*.m4v=01;35:*.mp4v=01;35:*.vob=01;35:*.qt=01;35:*.nuv=01;35:*.wmv=01;35:*.asf=01;35:*.rm=01;35:*.rmvb=01;35:*.flc=01;35:*.avi=01;35:*.fli=01;35:*.flv=01;35:*.gl=01;35:*.dl=01;35:*.xcf=01;35:*.xwd=01;35:*.yuv=01;35:*.cgm=01;35:*.emf=01;35:*.ogv=01;35:*.ogx=01;35:*.aac=00;36:*.au=00;36:*.flac=00;36:*.m4a=00;36:*.mid=00;36:*.midi=00;36:*.mka=00;36:*.mp3=00;36:*.mpc=00;36:*.ogg=00;36:*.ra=00;36:*.wav=00;36:*.oga=00;36:*.opus=00;36:*.spx=00;36:*.xspf=00;36:'), ('GNOME_TERMINAL_SERVICE', ':1.100'), ('SSH_AGENT_LAUNCHER', 'gnome-keyring'), ('SSH_AUTH_SOCK', '/run/user/1000/keyring/ssh'), ('ROS_DOMAIN_ID', '77'), ('XDG_GREETER_DATA_DIR', '/var/lib/lightdm-data/misys'), ('AMENT_PREFIX_PATH', '/home/misys/ros2_ws/install/cpp_pubsub:/home/misys/ros2_ws/install/tutorial_interfaces:/home/misys/ros2_ws/install/more_interfaces:/home/misys/ros2_ws/install/morai_ros2_msgs:/home/misys/ros2_ws/install/cpp_parameters:/opt/ros/humble'), ('SHELL', '/bin/bash'), ('LC_NAME', 'ko_KR.UTF-8'), ('QT_ACCESSIBILITY', '1'), ('GDMSESSION', 'ubuntu-xorg'), ('LESSCLOSE', '/usr/bin/lesspipe %s %s'), ('LC_MEASUREMENT', 'ko_KR.UTF-8'), ('GPG_AGENT_INFO', '/run/user/1000/gnupg/S.gpg-agent:0:1'), ('LC_IDENTIFICATION', 'ko_KR.UTF-8'), ('QT_IM_MODULE', 'ibus'), ('PWD', '/home/misys/ros2_ws/src/point_display/build/rviz_plugin_tutorial_msgs'), ('LC_ALL', 'en_US.UTF-8'), ('XDG_CONFIG_DIRS', '/etc/xdg/xdg-ubuntu-xorg:/etc/xdg'), ('NVM_CD_FLAGS', ''), ('XDG_DATA_DIRS', '/usr/share/ubuntu-xorg:/usr/share/gnome:/usr/local/share:/usr/share:/var/lib/snapd/desktop'), ('PYTHONPATH', '/home/misys/ros2_ws/install/tutorial_interfaces/local/lib/python3.10/dist-packages:/home/misys/ros2_ws/install/more_interfaces/local/lib/python3.10/dist-packages:/home/misys/ros2_ws/install/morai_ros2_msgs/local/lib/python3.10/dist-packages:/opt/ros/humble/lib/python3.10/site-packages:/opt/ros/humble/local/lib/python3.10/dist-packages'), ('LC_NUMERIC', 'ko_KR.UTF-8'), ('LC_PAPER', 'ko_KR.UTF-8'), ('COLCON', '1'), ('VTE_VERSION', '6800'), ('CMAKE_PREFIX_PATH', '/home/misys/ros2_ws/install/cpp_pubsub:/home/misys/ros2_ws/install/tutorial_interfaces:/home/misys/ros2_ws/install/more_interfaces:/home/misys/ros2_ws/install/morai_ros2_msgs:/home/misys/ros2_ws/install/cpp_parameters:/opt/ros/humble')]), 'shell': False}
[2.816358] (rviz_plugin_tutorial_msgs) StdoutLine: {'line': b'-- Install configuration: ""\n'}
[2.816632] (rviz_plugin_tutorial_msgs) StdoutLine: {'line': b'-- Installing: /home/misys/ros2_ws/src/point_display/install/rviz_plugin_tutorial_msgs/share/ament_index/resource_index/rosidl_interfaces/rviz_plugin_tutorial_msgs\n'}
[2.816764] (rviz_plugin_tutorial_msgs) StdoutLine: {'line': b'-- Installing: /home/misys/ros2_ws/src/point_display/install/rviz_plugin_tutorial_msgs/include/rviz_plugin_tutorial_msgs/rviz_plugin_tutorial_msgs\n'}
[2.816828] (rviz_plugin_tutorial_msgs) StdoutLine: {'line': b'-- Installing: /home/misys/ros2_ws/src/point_display/install/rviz_plugin_tutorial_msgs/include/rviz_plugin_tutorial_msgs/rviz_plugin_tutorial_msgs/msg\n'}
[2.816882] (rviz_plugin_tutorial_msgs) StdoutLine: {'line': b'-- Installing: /home/misys/ros2_ws/src/point_display/install/rviz_plugin_tutorial_msgs/include/rviz_plugin_tutorial_msgs/rviz_plugin_tutorial_msgs/msg/rosidl_generator_c__visibility_control.h\n'}
[2.816933] (rviz_plugin_tutorial_msgs) StdoutLine: {'line': b'-- Installing: /home/misys/ros2_ws/src/point_display/install/rviz_plugin_tutorial_msgs/include/rviz_plugin_tutorial_msgs/rviz_plugin_tutorial_msgs/msg/detail\n'}
[2.817163] (rviz_plugin_tutorial_msgs) StdoutLine: {'line': b'-- Installing: /home/misys/ros2_ws/src/point_display/install/rviz_plugin_tutorial_msgs/include/rviz_plugin_tutorial_msgs/rviz_plugin_tutorial_msgs/msg/detail/point2_d__type_support.h\n'}
[2.817298] (rviz_plugin_tutorial_msgs) StdoutLine: {'line': b'-- Installing: /home/misys/ros2_ws/src/point_display/install/rviz_plugin_tutorial_msgs/include/rviz_plugin_tutorial_msgs/rviz_plugin_tutorial_msgs/msg/detail/point2_d__functions.h\n'}
[2.817354] (rviz_plugin_tutorial_msgs) StdoutLine: {'line': b'-- Installing: /home/misys/ros2_ws/src/point_display/install/rviz_plugin_tutorial_msgs/include/rviz_plugin_tutorial_msgs/rviz_plugin_tutorial_msgs/msg/detail/point2_d__functions.c\n'}
[2.817390] (rviz_plugin_tutorial_msgs) StdoutLine: {'line': b'-- Installing: /home/misys/ros2_ws/src/point_display/install/rviz_plugin_tutorial_msgs/include/rviz_plugin_tutorial_msgs/rviz_plugin_tutorial_msgs/msg/detail/point2_d__struct.h\n'}
[2.817422] (rviz_plugin_tutorial_msgs) StdoutLine: {'line': b'-- Installing: /home/misys/ros2_ws/src/point_display/install/rviz_plugin_tutorial_msgs/include/rviz_plugin_tutorial_msgs/rviz_plugin_tutorial_msgs/msg/point2_d.h\n'}
[2.817450] (rviz_plugin_tutorial_msgs) StdoutLine: {'line': b'-- Installing: /home/misys/ros2_ws/src/point_display/install/rviz_plugin_tutorial_msgs/share/rviz_plugin_tutorial_msgs/environment/library_path.sh\n'}
[2.817511] (rviz_plugin_tutorial_msgs) StdoutLine: {'line': b'-- Installing: /home/misys/ros2_ws/src/point_display/install/rviz_plugin_tutorial_msgs/share/rviz_plugin_tutorial_msgs/environment/library_path.dsv\n'}
[2.817584] (rviz_plugin_tutorial_msgs) StdoutLine: {'line': b'-- Installing: /home/misys/ros2_ws/src/point_display/install/rviz_plugin_tutorial_msgs/lib/librviz_plugin_tutorial_msgs__rosidl_generator_c.so\n'}
[2.817703] (rviz_plugin_tutorial_msgs) StdoutLine: {'line': b'-- Set runtime path of "/home/misys/ros2_ws/src/point_display/install/rviz_plugin_tutorial_msgs/lib/librviz_plugin_tutorial_msgs__rosidl_generator_c.so" to ""\n'}
[2.817733] (rviz_plugin_tutorial_msgs) StdoutLine: {'line': b'-- Up-to-date: /home/misys/ros2_ws/src/point_display/install/rviz_plugin_tutorial_msgs/include/rviz_plugin_tutorial_msgs/rviz_plugin_tutorial_msgs\n'}
[2.817760] (rviz_plugin_tutorial_msgs) StdoutLine: {'line': b'-- Up-to-date: /home/misys/ros2_ws/src/point_display/install/rviz_plugin_tutorial_msgs/include/rviz_plugin_tutorial_msgs/rviz_plugin_tutorial_msgs/msg\n'}
[2.817788] (rviz_plugin_tutorial_msgs) StdoutLine: {'line': b'-- Installing: /home/misys/ros2_ws/src/point_display/install/rviz_plugin_tutorial_msgs/include/rviz_plugin_tutorial_msgs/rviz_plugin_tutorial_msgs/msg/rosidl_typesupport_fastrtps_c__visibility_control.h\n'}
[2.817835] (rviz_plugin_tutorial_msgs) StdoutLine: {'line': b'-- Up-to-date: /home/misys/ros2_ws/src/point_display/install/rviz_plugin_tutorial_msgs/include/rviz_plugin_tutorial_msgs/rviz_plugin_tutorial_msgs/msg/detail\n'}
[2.817863] (rviz_plugin_tutorial_msgs) StdoutLine: {'line': b'-- Installing: /home/misys/ros2_ws/src/point_display/install/rviz_plugin_tutorial_msgs/include/rviz_plugin_tutorial_msgs/rviz_plugin_tutorial_msgs/msg/detail/point2_d__rosidl_typesupport_fastrtps_c.h\n'}
[2.817905] (rviz_plugin_tutorial_msgs) StdoutLine: {'line': b'-- Installing: /home/misys/ros2_ws/src/point_display/install/rviz_plugin_tutorial_msgs/lib/librviz_plugin_tutorial_msgs__rosidl_typesupport_fastrtps_c.so\n'}
[2.818023] (rviz_plugin_tutorial_msgs) StdoutLine: {'line': b'-- Set runtime path of "/home/misys/ros2_ws/src/point_display/install/rviz_plugin_tutorial_msgs/lib/librviz_plugin_tutorial_msgs__rosidl_typesupport_fastrtps_c.so" to ""\n'}
[2.818056] (rviz_plugin_tutorial_msgs) StdoutLine: {'line': b'-- Up-to-date: /home/misys/ros2_ws/src/point_display/install/rviz_plugin_tutorial_msgs/include/rviz_plugin_tutorial_msgs/rviz_plugin_tutorial_msgs\n'}
[2.818085] (rviz_plugin_tutorial_msgs) StdoutLine: {'line': b'-- Up-to-date: /home/misys/ros2_ws/src/point_display/install/rviz_plugin_tutorial_msgs/include/rviz_plugin_tutorial_msgs/rviz_plugin_tutorial_msgs/msg\n'}
[2.818113] (rviz_plugin_tutorial_msgs) StdoutLine: {'line': b'-- Installing: /home/misys/ros2_ws/src/point_display/install/rviz_plugin_tutorial_msgs/include/rviz_plugin_tutorial_msgs/rviz_plugin_tutorial_msgs/msg/rosidl_typesupport_introspection_c__visibility_control.h\n'}
[2.818160] (rviz_plugin_tutorial_msgs) StdoutLine: {'line': b'-- Up-to-date: /home/misys/ros2_ws/src/point_display/install/rviz_plugin_tutorial_msgs/include/rviz_plugin_tutorial_msgs/rviz_plugin_tutorial_msgs/msg/detail\n'}
[2.818188] (rviz_plugin_tutorial_msgs) StdoutLine: {'line': b'-- Installing: /home/misys/ros2_ws/src/point_display/install/rviz_plugin_tutorial_msgs/include/rviz_plugin_tutorial_msgs/rviz_plugin_tutorial_msgs/msg/detail/point2_d__rosidl_typesupport_introspection_c.h\n'}
[2.818216] (rviz_plugin_tutorial_msgs) StdoutLine: {'line': b'-- Installing: /home/misys/ros2_ws/src/point_display/install/rviz_plugin_tutorial_msgs/include/rviz_plugin_tutorial_msgs/rviz_plugin_tutorial_msgs/msg/detail/point2_d__type_support.c\n'}
[2.818257] (rviz_plugin_tutorial_msgs) StdoutLine: {'line': b'-- Installing: /home/misys/ros2_ws/src/point_display/install/rviz_plugin_tutorial_msgs/lib/librviz_plugin_tutorial_msgs__rosidl_typesupport_introspection_c.so\n'}
[2.818309] (rviz_plugin_tutorial_msgs) StdoutLine: {'line': b'-- Set runtime path of "/home/misys/ros2_ws/src/point_display/install/rviz_plugin_tutorial_msgs/lib/librviz_plugin_tutorial_msgs__rosidl_typesupport_introspection_c.so" to ""\n'}
[2.818348] (rviz_plugin_tutorial_msgs) StdoutLine: {'line': b'-- Installing: /home/misys/ros2_ws/src/point_display/install/rviz_plugin_tutorial_msgs/lib/librviz_plugin_tutorial_msgs__rosidl_typesupport_c.so\n'}
[2.818457] (rviz_plugin_tutorial_msgs) StdoutLine: {'line': b'-- Set runtime path of "/home/misys/ros2_ws/src/point_display/install/rviz_plugin_tutorial_msgs/lib/librviz_plugin_tutorial_msgs__rosidl_typesupport_c.so" to ""\n'}
[2.818505] (rviz_plugin_tutorial_msgs) StdoutLine: {'line': b'-- Up-to-date: /home/misys/ros2_ws/src/point_display/install/rviz_plugin_tutorial_msgs/include/rviz_plugin_tutorial_msgs/rviz_plugin_tutorial_msgs\n'}
[2.818533] (rviz_plugin_tutorial_msgs) StdoutLine: {'line': b'-- Up-to-date: /home/misys/ros2_ws/src/point_display/install/rviz_plugin_tutorial_msgs/include/rviz_plugin_tutorial_msgs/rviz_plugin_tutorial_msgs/msg\n'}
[2.818562] (rviz_plugin_tutorial_msgs) StdoutLine: {'line': b'-- Up-to-date: /home/misys/ros2_ws/src/point_display/install/rviz_plugin_tutorial_msgs/include/rviz_plugin_tutorial_msgs/rviz_plugin_tutorial_msgs/msg/detail\n'}
[2.818610] (rviz_plugin_tutorial_msgs) StdoutLine: {'line': b'-- Installing: /home/misys/ros2_ws/src/point_display/install/rviz_plugin_tutorial_msgs/include/rviz_plugin_tutorial_msgs/rviz_plugin_tutorial_msgs/msg/detail/point2_d__builder.hpp\n'}
[2.818637] (rviz_plugin_tutorial_msgs) StdoutLine: {'line': b'-- Installing: /home/misys/ros2_ws/src/point_display/install/rviz_plugin_tutorial_msgs/include/rviz_plugin_tutorial_msgs/rviz_plugin_tutorial_msgs/msg/detail/point2_d__traits.hpp\n'}
[2.818672] (rviz_plugin_tutorial_msgs) StdoutLine: {'line': b'-- Installing: /home/misys/ros2_ws/src/point_display/install/rviz_plugin_tutorial_msgs/include/rviz_plugin_tutorial_msgs/rviz_plugin_tutorial_msgs/msg/detail/point2_d__struct.hpp\n'}
[2.818699] (rviz_plugin_tutorial_msgs) StdoutLine: {'line': b'-- Installing: /home/misys/ros2_ws/src/point_display/install/rviz_plugin_tutorial_msgs/include/rviz_plugin_tutorial_msgs/rviz_plugin_tutorial_msgs/msg/point2_d.hpp\n'}
[2.818746] (rviz_plugin_tutorial_msgs) StdoutLine: {'line': b'-- Up-to-date: /home/misys/ros2_ws/src/point_display/install/rviz_plugin_tutorial_msgs/include/rviz_plugin_tutorial_msgs/rviz_plugin_tutorial_msgs\n'}
[2.818774] (rviz_plugin_tutorial_msgs) StdoutLine: {'line': b'-- Up-to-date: /home/misys/ros2_ws/src/point_display/install/rviz_plugin_tutorial_msgs/include/rviz_plugin_tutorial_msgs/rviz_plugin_tutorial_msgs/msg\n'}
[2.818803] (rviz_plugin_tutorial_msgs) StdoutLine: {'line': b'-- Installing: /home/misys/ros2_ws/src/point_display/install/rviz_plugin_tutorial_msgs/include/rviz_plugin_tutorial_msgs/rviz_plugin_tutorial_msgs/msg/rosidl_typesupport_fastrtps_cpp__visibility_control.h\n'}
[2.818850] (rviz_plugin_tutorial_msgs) StdoutLine: {'line': b'-- Up-to-date: /home/misys/ros2_ws/src/point_display/install/rviz_plugin_tutorial_msgs/include/rviz_plugin_tutorial_msgs/rviz_plugin_tutorial_msgs/msg/detail\n'}
[2.818878] (rviz_plugin_tutorial_msgs) StdoutLine: {'line': b'-- Installing: /home/misys/ros2_ws/src/point_display/install/rviz_plugin_tutorial_msgs/include/rviz_plugin_tutorial_msgs/rviz_plugin_tutorial_msgs/msg/detail/point2_d__rosidl_typesupport_fastrtps_cpp.hpp\n'}
[2.818907] (rviz_plugin_tutorial_msgs) StdoutLine: {'line': b'-- Installing: /home/misys/ros2_ws/src/point_display/install/rviz_plugin_tutorial_msgs/include/rviz_plugin_tutorial_msgs/rviz_plugin_tutorial_msgs/msg/detail/dds_fastrtps\n'}
[2.818948] (rviz_plugin_tutorial_msgs) StdoutLine: {'line': b'-- Installing: /home/misys/ros2_ws/src/point_display/install/rviz_plugin_tutorial_msgs/lib/librviz_plugin_tutorial_msgs__rosidl_typesupport_fastrtps_cpp.so\n'}
[2.819011] (rviz_plugin_tutorial_msgs) StdoutLine: {'line': b'-- Set runtime path of "/home/misys/ros2_ws/src/point_display/install/rviz_plugin_tutorial_msgs/lib/librviz_plugin_tutorial_msgs__rosidl_typesupport_fastrtps_cpp.so" to ""\n'}
[2.819056] (rviz_plugin_tutorial_msgs) StdoutLine: {'line': b'-- Up-to-date: /home/misys/ros2_ws/src/point_display/install/rviz_plugin_tutorial_msgs/include/rviz_plugin_tutorial_msgs/rviz_plugin_tutorial_msgs\n'}
[2.819099] (rviz_plugin_tutorial_msgs) StdoutLine: {'line': b'-- Up-to-date: /home/misys/ros2_ws/src/point_display/install/rviz_plugin_tutorial_msgs/include/rviz_plugin_tutorial_msgs/rviz_plugin_tutorial_msgs/msg\n'}
[2.819129] (rviz_plugin_tutorial_msgs) StdoutLine: {'line': b'-- Up-to-date: /home/misys/ros2_ws/src/point_display/install/rviz_plugin_tutorial_msgs/include/rviz_plugin_tutorial_msgs/rviz_plugin_tutorial_msgs/msg/detail\n'}
[2.819180] (rviz_plugin_tutorial_msgs) StdoutLine: {'line': b'-- Installing: /home/misys/ros2_ws/src/point_display/install/rviz_plugin_tutorial_msgs/include/rviz_plugin_tutorial_msgs/rviz_plugin_tutorial_msgs/msg/detail/point2_d__rosidl_typesupport_introspection_cpp.hpp\n'}
[2.819207] (rviz_plugin_tutorial_msgs) StdoutLine: {'line': b'-- Installing: /home/misys/ros2_ws/src/point_display/install/rviz_plugin_tutorial_msgs/include/rviz_plugin_tutorial_msgs/rviz_plugin_tutorial_msgs/msg/detail/point2_d__type_support.cpp\n'}
[2.819232] (rviz_plugin_tutorial_msgs) StdoutLine: {'line': b'-- Installing: /home/misys/ros2_ws/src/point_display/install/rviz_plugin_tutorial_msgs/lib/librviz_plugin_tutorial_msgs__rosidl_typesupport_introspection_cpp.so\n'}
[2.819325] (rviz_plugin_tutorial_msgs) StdoutLine: {'line': b'-- Set runtime path of "/home/misys/ros2_ws/src/point_display/install/rviz_plugin_tutorial_msgs/lib/librviz_plugin_tutorial_msgs__rosidl_typesupport_introspection_cpp.so" to ""\n'}
[2.819385] (rviz_plugin_tutorial_msgs) StdoutLine: {'line': b'-- Installing: /home/misys/ros2_ws/src/point_display/install/rviz_plugin_tutorial_msgs/lib/librviz_plugin_tutorial_msgs__rosidl_typesupport_cpp.so\n'}
[2.819590] (rviz_plugin_tutorial_msgs) StdoutLine: {'line': b'-- Set runtime path of "/home/misys/ros2_ws/src/point_display/install/rviz_plugin_tutorial_msgs/lib/librviz_plugin_tutorial_msgs__rosidl_typesupport_cpp.so" to ""\n'}
[2.819653] (rviz_plugin_tutorial_msgs) StdoutLine: {'line': b'-- Installing: /home/misys/ros2_ws/src/point_display/install/rviz_plugin_tutorial_msgs/share/rviz_plugin_tutorial_msgs/environment/pythonpath.sh\n'}
[2.819724] (rviz_plugin_tutorial_msgs) StdoutLine: {'line': b'-- Installing: /home/misys/ros2_ws/src/point_display/install/rviz_plugin_tutorial_msgs/share/rviz_plugin_tutorial_msgs/environment/pythonpath.dsv\n'}
[2.819789] (rviz_plugin_tutorial_msgs) StdoutLine: {'line': b'-- Installing: /home/misys/ros2_ws/src/point_display/install/rviz_plugin_tutorial_msgs/local/lib/python3.10/dist-packages/rviz_plugin_tutorial_msgs-0.0.0-py3.10.egg-info\n'}
[2.819883] (rviz_plugin_tutorial_msgs) StdoutLine: {'line': b'-- Installing: /home/misys/ros2_ws/src/point_display/install/rviz_plugin_tutorial_msgs/local/lib/python3.10/dist-packages/rviz_plugin_tutorial_msgs-0.0.0-py3.10.egg-info/dependency_links.txt\n'}
[2.819954] (rviz_plugin_tutorial_msgs) StdoutLine: {'line': b'-- Installing: /home/misys/ros2_ws/src/point_display/install/rviz_plugin_tutorial_msgs/local/lib/python3.10/dist-packages/rviz_plugin_tutorial_msgs-0.0.0-py3.10.egg-info/top_level.txt\n'}
[2.820032] (rviz_plugin_tutorial_msgs) StdoutLine: {'line': b'-- Installing: /home/misys/ros2_ws/src/point_display/install/rviz_plugin_tutorial_msgs/local/lib/python3.10/dist-packages/rviz_plugin_tutorial_msgs-0.0.0-py3.10.egg-info/PKG-INFO\n'}
[2.820100] (rviz_plugin_tutorial_msgs) StdoutLine: {'line': b'-- Installing: /home/misys/ros2_ws/src/point_display/install/rviz_plugin_tutorial_msgs/local/lib/python3.10/dist-packages/rviz_plugin_tutorial_msgs-0.0.0-py3.10.egg-info/SOURCES.txt\n'}
[2.820169] (rviz_plugin_tutorial_msgs) StdoutLine: {'line': b'-- Installing: /home/misys/ros2_ws/src/point_display/install/rviz_plugin_tutorial_msgs/local/lib/python3.10/dist-packages/rviz_plugin_tutorial_msgs\n'}
[2.820237] (rviz_plugin_tutorial_msgs) StdoutLine: {'line': b'-- Installing: /home/misys/ros2_ws/src/point_display/install/rviz_plugin_tutorial_msgs/local/lib/python3.10/dist-packages/rviz_plugin_tutorial_msgs/_rviz_plugin_tutorial_msgs_s.ep.rosidl_typesupport_introspection_c.c\n'}
[2.820302] (rviz_plugin_tutorial_msgs) StdoutLine: {'line': b'-- Installing: /home/misys/ros2_ws/src/point_display/install/rviz_plugin_tutorial_msgs/local/lib/python3.10/dist-packages/rviz_plugin_tutorial_msgs/rviz_plugin_tutorial_msgs_s__rosidl_typesupport_c.cpython-310-x86_64-linux-gnu.so\n'}
[2.820368] (rviz_plugin_tutorial_msgs) StdoutLine: {'line': b'-- Installing: /home/misys/ros2_ws/src/point_display/install/rviz_plugin_tutorial_msgs/local/lib/python3.10/dist-packages/rviz_plugin_tutorial_msgs/msg\n'}
[2.820433] (rviz_plugin_tutorial_msgs) StdoutLine: {'line': b'-- Installing: /home/misys/ros2_ws/src/point_display/install/rviz_plugin_tutorial_msgs/local/lib/python3.10/dist-packages/rviz_plugin_tutorial_msgs/msg/_point2_d_s.c\n'}
[2.820502] (rviz_plugin_tutorial_msgs) StdoutLine: {'line': b'-- Installing: /home/misys/ros2_ws/src/point_display/install/rviz_plugin_tutorial_msgs/local/lib/python3.10/dist-packages/rviz_plugin_tutorial_msgs/msg/_point2_d.py\n'}
[2.820571] (rviz_plugin_tutorial_msgs) StdoutLine: {'line': b'-- Installing: /home/misys/ros2_ws/src/point_display/install/rviz_plugin_tutorial_msgs/local/lib/python3.10/dist-packages/rviz_plugin_tutorial_msgs/msg/__init__.py\n'}
[2.820639] (rviz_plugin_tutorial_msgs) StdoutLine: {'line': b'-- Installing: /home/misys/ros2_ws/src/point_display/install/rviz_plugin_tutorial_msgs/local/lib/python3.10/dist-packages/rviz_plugin_tutorial_msgs/librviz_plugin_tutorial_msgs__rosidl_generator_py.so\n'}
[2.820707] (rviz_plugin_tutorial_msgs) StdoutLine: {'line': b'-- Installing: /home/misys/ros2_ws/src/point_display/install/rviz_plugin_tutorial_msgs/local/lib/python3.10/dist-packages/rviz_plugin_tutorial_msgs/rviz_plugin_tutorial_msgs_s__rosidl_typesupport_introspection_c.cpython-310-x86_64-linux-gnu.so\n'}
[2.820768] (rviz_plugin_tutorial_msgs) StdoutLine: {'line': b'-- Installing: /home/misys/ros2_ws/src/point_display/install/rviz_plugin_tutorial_msgs/local/lib/python3.10/dist-packages/rviz_plugin_tutorial_msgs/rviz_plugin_tutorial_msgs_s__rosidl_typesupport_fastrtps_c.cpython-310-x86_64-linux-gnu.so\n'}
[2.820844] (rviz_plugin_tutorial_msgs) StdoutLine: {'line': b'-- Installing: /home/misys/ros2_ws/src/point_display/install/rviz_plugin_tutorial_msgs/local/lib/python3.10/dist-packages/rviz_plugin_tutorial_msgs/_rviz_plugin_tutorial_msgs_s.ep.rosidl_typesupport_c.c\n'}
[2.820913] (rviz_plugin_tutorial_msgs) StdoutLine: {'line': b'-- Installing: /home/misys/ros2_ws/src/point_display/install/rviz_plugin_tutorial_msgs/local/lib/python3.10/dist-packages/rviz_plugin_tutorial_msgs/__init__.py\n'}
[2.820987] (rviz_plugin_tutorial_msgs) StdoutLine: {'line': b'-- Installing: /home/misys/ros2_ws/src/point_display/install/rviz_plugin_tutorial_msgs/local/lib/python3.10/dist-packages/rviz_plugin_tutorial_msgs/_rviz_plugin_tutorial_msgs_s.ep.rosidl_typesupport_fastrtps_c.c\n'}
[2.868009] (rviz_plugin_tutorial_msgs) StdoutLine: {'line': b"Listing '/home/misys/ros2_ws/src/point_display/install/rviz_plugin_tutorial_msgs/local/lib/python3.10/dist-packages/rviz_plugin_tutorial_msgs'...\n"}
[2.868115] (rviz_plugin_tutorial_msgs) StdoutLine: {'line': b"Compiling '/home/misys/ros2_ws/src/point_display/install/rviz_plugin_tutorial_msgs/local/lib/python3.10/dist-packages/rviz_plugin_tutorial_msgs/__init__.py'...\n"}
[2.868172] (rviz_plugin_tutorial_msgs) StdoutLine: {'line': b"Listing '/home/misys/ros2_ws/src/point_display/install/rviz_plugin_tutorial_msgs/local/lib/python3.10/dist-packages/rviz_plugin_tutorial_msgs/msg'...\n"}
[2.868209] (rviz_plugin_tutorial_msgs) StdoutLine: {'line': b"Compiling '/home/misys/ros2_ws/src/point_display/install/rviz_plugin_tutorial_msgs/local/lib/python3.10/dist-packages/rviz_plugin_tutorial_msgs/msg/__init__.py'...\n"}
[2.868244] (rviz_plugin_tutorial_msgs) StdoutLine: {'line': b"Compiling '/home/misys/ros2_ws/src/point_display/install/rviz_plugin_tutorial_msgs/local/lib/python3.10/dist-packages/rviz_plugin_tutorial_msgs/msg/_point2_d.py'...\n"}
[2.871357] (rviz_plugin_tutorial_msgs) StdoutLine: {'line': b'-- Installing: /home/misys/ros2_ws/src/point_display/install/rviz_plugin_tutorial_msgs/local/lib/python3.10/dist-packages/rviz_plugin_tutorial_msgs/rviz_plugin_tutorial_msgs_s__rosidl_typesupport_fastrtps_c.cpython-310-x86_64-linux-gnu.so\n'}
[2.871552] (rviz_plugin_tutorial_msgs) StdoutLine: {'line': b'-- Set runtime path of "/home/misys/ros2_ws/src/point_display/install/rviz_plugin_tutorial_msgs/local/lib/python3.10/dist-packages/rviz_plugin_tutorial_msgs/rviz_plugin_tutorial_msgs_s__rosidl_typesupport_fastrtps_c.cpython-310-x86_64-linux-gnu.so" to ""\n'}
[2.871632] (rviz_plugin_tutorial_msgs) StdoutLine: {'line': b'-- Installing: /home/misys/ros2_ws/src/point_display/install/rviz_plugin_tutorial_msgs/local/lib/python3.10/dist-packages/rviz_plugin_tutorial_msgs/rviz_plugin_tutorial_msgs_s__rosidl_typesupport_introspection_c.cpython-310-x86_64-linux-gnu.so\n'}
[2.871818] (rviz_plugin_tutorial_msgs) StdoutLine: {'line': b'-- Set runtime path of "/home/misys/ros2_ws/src/point_display/install/rviz_plugin_tutorial_msgs/local/lib/python3.10/dist-packages/rviz_plugin_tutorial_msgs/rviz_plugin_tutorial_msgs_s__rosidl_typesupport_introspection_c.cpython-310-x86_64-linux-gnu.so" to ""\n'}
[2.871902] (rviz_plugin_tutorial_msgs) StdoutLine: {'line': b'-- Installing: /home/misys/ros2_ws/src/point_display/install/rviz_plugin_tutorial_msgs/local/lib/python3.10/dist-packages/rviz_plugin_tutorial_msgs/rviz_plugin_tutorial_msgs_s__rosidl_typesupport_c.cpython-310-x86_64-linux-gnu.so\n'}
[2.871942] (rviz_plugin_tutorial_msgs) StdoutLine: {'line': b'-- Set runtime path of "/home/misys/ros2_ws/src/point_display/install/rviz_plugin_tutorial_msgs/local/lib/python3.10/dist-packages/rviz_plugin_tutorial_msgs/rviz_plugin_tutorial_msgs_s__rosidl_typesupport_c.cpython-310-x86_64-linux-gnu.so" to ""\n'}
[2.871982] (rviz_plugin_tutorial_msgs) StdoutLine: {'line': b'-- Installing: /home/misys/ros2_ws/src/point_display/install/rviz_plugin_tutorial_msgs/lib/librviz_plugin_tutorial_msgs__rosidl_generator_py.so\n'}
[2.872039] (rviz_plugin_tutorial_msgs) StdoutLine: {'line': b'-- Set runtime path of "/home/misys/ros2_ws/src/point_display/install/rviz_plugin_tutorial_msgs/lib/librviz_plugin_tutorial_msgs__rosidl_generator_py.so" to ""\n'}
[2.872071] (rviz_plugin_tutorial_msgs) StdoutLine: {'line': b'-- Installing: /home/misys/ros2_ws/src/point_display/install/rviz_plugin_tutorial_msgs/share/ament_index/resource_index/rust_packages/rviz_plugin_tutorial_msgs\n'}
[2.872102] (rviz_plugin_tutorial_msgs) StdoutLine: {'line': b'-- Installing: /home/misys/ros2_ws/src/point_display/install/rviz_plugin_tutorial_msgs/share/rviz_plugin_tutorial_msgs/rust\n'}
[2.872161] (rviz_plugin_tutorial_msgs) StdoutLine: {'line': b'-- Installing: /home/misys/ros2_ws/src/point_display/install/rviz_plugin_tutorial_msgs/share/rviz_plugin_tutorial_msgs/rust/Cargo.toml\n'}
[2.872207] (rviz_plugin_tutorial_msgs) StdoutLine: {'line': b'-- Installing: /home/misys/ros2_ws/src/point_display/install/rviz_plugin_tutorial_msgs/share/rviz_plugin_tutorial_msgs/rust/src\n'}
[2.872236] (rviz_plugin_tutorial_msgs) StdoutLine: {'line': b'-- Installing: /home/misys/ros2_ws/src/point_display/install/rviz_plugin_tutorial_msgs/share/rviz_plugin_tutorial_msgs/rust/src/msg\n'}
[2.872265] (rviz_plugin_tutorial_msgs) StdoutLine: {'line': b'-- Installing: /home/misys/ros2_ws/src/point_display/install/rviz_plugin_tutorial_msgs/share/rviz_plugin_tutorial_msgs/rust/src/msg/rmw.rs\n'}
[2.872310] (rviz_plugin_tutorial_msgs) StdoutLine: {'line': b'-- Installing: /home/misys/ros2_ws/src/point_display/install/rviz_plugin_tutorial_msgs/share/rviz_plugin_tutorial_msgs/rust/src/msg.rs\n'}
[2.872338] (rviz_plugin_tutorial_msgs) StdoutLine: {'line': b'-- Installing: /home/misys/ros2_ws/src/point_display/install/rviz_plugin_tutorial_msgs/share/rviz_plugin_tutorial_msgs/rust/src/lib.rs\n'}
[2.872367] (rviz_plugin_tutorial_msgs) StdoutLine: {'line': b'-- Installing: /home/misys/ros2_ws/src/point_display/install/rviz_plugin_tutorial_msgs/share/rviz_plugin_tutorial_msgs/rust/build.rs\n'}
[2.872396] (rviz_plugin_tutorial_msgs) StdoutLine: {'line': b'-- Installing: /home/misys/ros2_ws/src/point_display/install/rviz_plugin_tutorial_msgs/share/rviz_plugin_tutorial_msgs/msg/Point2D.idl\n'}
[2.872446] (rviz_plugin_tutorial_msgs) StdoutLine: {'line': b'-- Installing: /home/misys/ros2_ws/src/point_display/install/rviz_plugin_tutorial_msgs/share/rviz_plugin_tutorial_msgs/msg/Point2D.msg\n'}
[2.872481] (rviz_plugin_tutorial_msgs) StdoutLine: {'line': b'-- Installing: /home/misys/ros2_ws/src/point_display/install/rviz_plugin_tutorial_msgs/share/ament_index/resource_index/package_run_dependencies/rviz_plugin_tutorial_msgs\n'}
[2.872520] (rviz_plugin_tutorial_msgs) StdoutLine: {'line': b'-- Installing: /home/misys/ros2_ws/src/point_display/install/rviz_plugin_tutorial_msgs/share/ament_index/resource_index/parent_prefix_path/rviz_plugin_tutorial_msgs\n'}
[2.872549] (rviz_plugin_tutorial_msgs) StdoutLine: {'line': b'-- Installing: /home/misys/ros2_ws/src/point_display/install/rviz_plugin_tutorial_msgs/share/rviz_plugin_tutorial_msgs/environment/ament_prefix_path.sh\n'}
[2.872596] (rviz_plugin_tutorial_msgs) StdoutLine: {'line': b'-- Installing: /home/misys/ros2_ws/src/point_display/install/rviz_plugin_tutorial_msgs/share/rviz_plugin_tutorial_msgs/environment/ament_prefix_path.dsv\n'}
[2.872623] (rviz_plugin_tutorial_msgs) StdoutLine: {'line': b'-- Installing: /home/misys/ros2_ws/src/point_display/install/rviz_plugin_tutorial_msgs/share/rviz_plugin_tutorial_msgs/environment/path.sh\n'}
[2.872664] (rviz_plugin_tutorial_msgs) StdoutLine: {'line': b'-- Installing: /home/misys/ros2_ws/src/point_display/install/rviz_plugin_tutorial_msgs/share/rviz_plugin_tutorial_msgs/environment/path.dsv\n'}
[2.872705] (rviz_plugin_tutorial_msgs) StdoutLine: {'line': b'-- Installing: /home/misys/ros2_ws/src/point_display/install/rviz_plugin_tutorial_msgs/share/rviz_plugin_tutorial_msgs/local_setup.bash\n'}
[2.872745] (rviz_plugin_tutorial_msgs) StdoutLine: {'line': b'-- Installing: /home/misys/ros2_ws/src/point_display/install/rviz_plugin_tutorial_msgs/share/rviz_plugin_tutorial_msgs/local_setup.sh\n'}
[2.872784] (rviz_plugin_tutorial_msgs) StdoutLine: {'line': b'-- Installing: /home/misys/ros2_ws/src/point_display/install/rviz_plugin_tutorial_msgs/share/rviz_plugin_tutorial_msgs/local_setup.zsh\n'}
[2.872826] (rviz_plugin_tutorial_msgs) StdoutLine: {'line': b'-- Installing: /home/misys/ros2_ws/src/point_display/install/rviz_plugin_tutorial_msgs/share/rviz_plugin_tutorial_msgs/local_setup.dsv\n'}
[2.872871] (rviz_plugin_tutorial_msgs) StdoutLine: {'line': b'-- Installing: /home/misys/ros2_ws/src/point_display/install/rviz_plugin_tutorial_msgs/share/rviz_plugin_tutorial_msgs/package.dsv\n'}
[2.872932] (rviz_plugin_tutorial_msgs) StdoutLine: {'line': b'-- Installing: /home/misys/ros2_ws/src/point_display/install/rviz_plugin_tutorial_msgs/share/ament_index/resource_index/packages/rviz_plugin_tutorial_msgs\n'}
[2.873004] (rviz_plugin_tutorial_msgs) StdoutLine: {'line': b'-- Installing: /home/misys/ros2_ws/src/point_display/install/rviz_plugin_tutorial_msgs/share/rviz_plugin_tutorial_msgs/cmake/export_rviz_plugin_tutorial_msgs__rosidl_generator_cExport.cmake\n'}
[2.873058] (rviz_plugin_tutorial_msgs) StdoutLine: {'line': b'-- Installing: /home/misys/ros2_ws/src/point_display/install/rviz_plugin_tutorial_msgs/share/rviz_plugin_tutorial_msgs/cmake/export_rviz_plugin_tutorial_msgs__rosidl_generator_cExport-noconfig.cmake\n'}
[2.873116] (rviz_plugin_tutorial_msgs) StdoutLine: {'line': b'-- Installing: /home/misys/ros2_ws/src/point_display/install/rviz_plugin_tutorial_msgs/share/rviz_plugin_tutorial_msgs/cmake/export_rviz_plugin_tutorial_msgs__rosidl_typesupport_fastrtps_cExport.cmake\n'}
[2.873168] (rviz_plugin_tutorial_msgs) StdoutLine: {'line': b'-- Installing: /home/misys/ros2_ws/src/point_display/install/rviz_plugin_tutorial_msgs/share/rviz_plugin_tutorial_msgs/cmake/export_rviz_plugin_tutorial_msgs__rosidl_typesupport_fastrtps_cExport-noconfig.cmake\n'}
[2.873224] (rviz_plugin_tutorial_msgs) StdoutLine: {'line': b'-- Installing: /home/misys/ros2_ws/src/point_display/install/rviz_plugin_tutorial_msgs/share/rviz_plugin_tutorial_msgs/cmake/rviz_plugin_tutorial_msgs__rosidl_typesupport_introspection_cExport.cmake\n'}
[2.873274] (rviz_plugin_tutorial_msgs) StdoutLine: {'line': b'-- Installing: /home/misys/ros2_ws/src/point_display/install/rviz_plugin_tutorial_msgs/share/rviz_plugin_tutorial_msgs/cmake/rviz_plugin_tutorial_msgs__rosidl_typesupport_introspection_cExport-noconfig.cmake\n'}
[2.873328] (rviz_plugin_tutorial_msgs) StdoutLine: {'line': b'-- Installing: /home/misys/ros2_ws/src/point_display/install/rviz_plugin_tutorial_msgs/share/rviz_plugin_tutorial_msgs/cmake/rviz_plugin_tutorial_msgs__rosidl_typesupport_cExport.cmake\n'}
[2.873381] (rviz_plugin_tutorial_msgs) StdoutLine: {'line': b'-- Installing: /home/misys/ros2_ws/src/point_display/install/rviz_plugin_tutorial_msgs/share/rviz_plugin_tutorial_msgs/cmake/rviz_plugin_tutorial_msgs__rosidl_typesupport_cExport-noconfig.cmake\n'}
[2.873439] (rviz_plugin_tutorial_msgs) StdoutLine: {'line': b'-- Installing: /home/misys/ros2_ws/src/point_display/install/rviz_plugin_tutorial_msgs/share/rviz_plugin_tutorial_msgs/cmake/export_rviz_plugin_tutorial_msgs__rosidl_generator_cppExport.cmake\n'}
[2.873495] (rviz_plugin_tutorial_msgs) StdoutLine: {'line': b'-- Installing: /home/misys/ros2_ws/src/point_display/install/rviz_plugin_tutorial_msgs/share/rviz_plugin_tutorial_msgs/cmake/export_rviz_plugin_tutorial_msgs__rosidl_typesupport_fastrtps_cppExport.cmake\n'}
[2.873544] (rviz_plugin_tutorial_msgs) StdoutLine: {'line': b'-- Installing: /home/misys/ros2_ws/src/point_display/install/rviz_plugin_tutorial_msgs/share/rviz_plugin_tutorial_msgs/cmake/export_rviz_plugin_tutorial_msgs__rosidl_typesupport_fastrtps_cppExport-noconfig.cmake\n'}
[2.873600] (rviz_plugin_tutorial_msgs) StdoutLine: {'line': b'-- Installing: /home/misys/ros2_ws/src/point_display/install/rviz_plugin_tutorial_msgs/share/rviz_plugin_tutorial_msgs/cmake/rviz_plugin_tutorial_msgs__rosidl_typesupport_introspection_cppExport.cmake\n'}
[2.873654] (rviz_plugin_tutorial_msgs) StdoutLine: {'line': b'-- Installing: /home/misys/ros2_ws/src/point_display/install/rviz_plugin_tutorial_msgs/share/rviz_plugin_tutorial_msgs/cmake/rviz_plugin_tutorial_msgs__rosidl_typesupport_introspection_cppExport-noconfig.cmake\n'}
[2.873703] (rviz_plugin_tutorial_msgs) StdoutLine: {'line': b'-- Installing: /home/misys/ros2_ws/src/point_display/install/rviz_plugin_tutorial_msgs/share/rviz_plugin_tutorial_msgs/cmake/rviz_plugin_tutorial_msgs__rosidl_typesupport_cppExport.cmake\n'}
[2.873751] (rviz_plugin_tutorial_msgs) StdoutLine: {'line': b'-- Installing: /home/misys/ros2_ws/src/point_display/install/rviz_plugin_tutorial_msgs/share/rviz_plugin_tutorial_msgs/cmake/rviz_plugin_tutorial_msgs__rosidl_typesupport_cppExport-noconfig.cmake\n'}
[2.873807] (rviz_plugin_tutorial_msgs) StdoutLine: {'line': b'-- Installing: /home/misys/ros2_ws/src/point_display/install/rviz_plugin_tutorial_msgs/share/rviz_plugin_tutorial_msgs/cmake/export_rviz_plugin_tutorial_msgs__rosidl_generator_pyExport.cmake\n'}
[2.873855] (rviz_plugin_tutorial_msgs) StdoutLine: {'line': b'-- Installing: /home/misys/ros2_ws/src/point_display/install/rviz_plugin_tutorial_msgs/share/rviz_plugin_tutorial_msgs/cmake/export_rviz_plugin_tutorial_msgs__rosidl_generator_pyExport-noconfig.cmake\n'}
[2.873901] (rviz_plugin_tutorial_msgs) StdoutLine: {'line': b'-- Installing: /home/misys/ros2_ws/src/point_display/install/rviz_plugin_tutorial_msgs/share/rviz_plugin_tutorial_msgs/cmake/rosidl_cmake-extras.cmake\n'}
[2.873947] (rviz_plugin_tutorial_msgs) StdoutLine: {'line': b'-- Installing: /home/misys/ros2_ws/src/point_display/install/rviz_plugin_tutorial_msgs/share/rviz_plugin_tutorial_msgs/cmake/ament_cmake_export_dependencies-extras.cmake\n'}
[2.874000] (rviz_plugin_tutorial_msgs) StdoutLine: {'line': b'-- Installing: /home/misys/ros2_ws/src/point_display/install/rviz_plugin_tutorial_msgs/share/rviz_plugin_tutorial_msgs/cmake/ament_cmake_export_include_directories-extras.cmake\n'}
[2.874047] (rviz_plugin_tutorial_msgs) StdoutLine: {'line': b'-- Installing: /home/misys/ros2_ws/src/point_display/install/rviz_plugin_tutorial_msgs/share/rviz_plugin_tutorial_msgs/cmake/ament_cmake_export_libraries-extras.cmake\n'}
[2.874101] (rviz_plugin_tutorial_msgs) StdoutLine: {'line': b'-- Installing: /home/misys/ros2_ws/src/point_display/install/rviz_plugin_tutorial_msgs/share/rviz_plugin_tutorial_msgs/cmake/ament_cmake_export_targets-extras.cmake\n'}
[2.874147] (rviz_plugin_tutorial_msgs) StdoutLine: {'line': b'-- Installing: /home/misys/ros2_ws/src/point_display/install/rviz_plugin_tutorial_msgs/share/rviz_plugin_tutorial_msgs/cmake/rosidl_cmake_export_typesupport_targets-extras.cmake\n'}
[2.874197] (rviz_plugin_tutorial_msgs) StdoutLine: {'line': b'-- Installing: /home/misys/ros2_ws/src/point_display/install/rviz_plugin_tutorial_msgs/share/rviz_plugin_tutorial_msgs/cmake/rosidl_cmake_export_typesupport_libraries-extras.cmake\n'}
[2.874251] (rviz_plugin_tutorial_msgs) StdoutLine: {'line': b'-- Installing: /home/misys/ros2_ws/src/point_display/install/rviz_plugin_tutorial_msgs/share/rviz_plugin_tutorial_msgs/cmake/rviz_plugin_tutorial_msgsConfig.cmake\n'}
[2.874289] (rviz_plugin_tutorial_msgs) StdoutLine: {'line': b'-- Installing: /home/misys/ros2_ws/src/point_display/install/rviz_plugin_tutorial_msgs/share/rviz_plugin_tutorial_msgs/cmake/rviz_plugin_tutorial_msgsConfig-version.cmake\n'}
[2.874338] (rviz_plugin_tutorial_msgs) StdoutLine: {'line': b'-- Installing: /home/misys/ros2_ws/src/point_display/install/rviz_plugin_tutorial_msgs/share/rviz_plugin_tutorial_msgs/package.xml\n'}
[2.876116] (rviz_plugin_tutorial_msgs) CommandEnded: {'returncode': 0}
[2.905205] (-) TimerEvent: {}
[2.973993] (rviz_plugin_tutorial_msgs) JobEnded: {'identifier': 'rviz_plugin_tutorial_msgs', 'rc': 0}
[2.974643] (rviz_plugin_tutorial) JobStarted: {'identifier': 'rviz_plugin_tutorial'}
[2.984482] (rviz_plugin_tutorial) JobProgress: {'identifier': 'rviz_plugin_tutorial', 'progress': 'cmake'}
[2.984742] (rviz_plugin_tutorial) Command: {'cmd': ['/usr/bin/cmake', '/home/misys/ros2_ws/src/point_display/rviz_plugin_tutorial/rviz_plugin_tutorial', '-DCMAKE_INSTALL_PREFIX=/home/misys/ros2_ws/src/point_display/install/rviz_plugin_tutorial'], 'cwd': '/home/misys/ros2_ws/src/point_display/build/rviz_plugin_tutorial', 'env': OrderedDict([('LESSOPEN', '| /usr/bin/lesspipe %s'), ('LANGUAGE', 'en_US:en'), ('USER', 'misys'), ('LC_TIME', 'ko_KR.UTF-8'), ('XDG_SESSION_TYPE', 'x11'), ('SHLVL', '1'), ('LD_LIBRARY_PATH', '/home/misys/ros2_ws/src/point_display/install/rviz_plugin_tutorial_msgs/lib:/home/misys/ros2_ws/install/tutorial_interfaces/lib:/home/misys/ros2_ws/install/more_interfaces/lib:/home/misys/ros2_ws/install/morai_ros2_msgs/lib:/opt/ros/humble/opt/rviz_ogre_vendor/lib:/opt/ros/humble/lib/x86_64-linux-gnu:/opt/ros/humble/lib:/usr/local/cuda-12.2/lib64'), ('HOME', '/home/misys'), ('OLDPWD', '/home/misys/ros2_ws'), ('DESKTOP_SESSION', 'ubuntu-xorg'), ('NVM_BIN', '/home/misys/.nvm/versions/node/v20.20.2/bin'), ('NVM_INC', '/home/misys/.nvm/versions/node/v20.20.2/include/node'), ('ROS_PYTHON_VERSION', '3'), ('GNOME_SHELL_SESSION_MODE', 'ubuntu'), ('GTK_MODULES', 'gail:atk-bridge'), ('XDG_SEAT_PATH', '/org/freedesktop/DisplayManager/Seat0'), ('LC_MONETARY', 'ko_KR.UTF-8'), ('SYSTEMD_EXEC_PID', '6997'), ('DBUS_SESSION_BUS_ADDRESS', 'unix:path=/run/user/1000/bus'), ('COLORTERM', 'truecolor'), ('NVM_DIR', '/home/misys/.nvm'), ('IM_CONFIG_PHASE', '1'), ('COLCON_PREFIX_PATH', '/home/misys/ros2_ws/install'), ('ROS_DISTRO', 'humble'), ('GTK_IM_MODULE', 'ibus'), ('LOGNAME', 'misys'), ('_', '/usr/bin/colcon'), ('ROS_VERSION', '2'), ('XDG_SESSION_CLASS', 'user'), ('TERM', 'xterm-256color'), ('GNOME_DESKTOP_SESSION_ID', 'this-is-deprecated'), ('ROS_LOCALHOST_ONLY', '0'), ('PATH', '/home/misys/.nvm/versions/node/v20.20.2/bin:/opt/ros/humble/bin:/usr/local/cuda-12.2/bin:/home/misys/.local/bin:/usr/local/sbin:/usr/local/bin:/usr/sbin:/usr/bin:/sbin:/bin:/usr/games:/usr/local/games:/snap/bin'), ('SESSION_MANAGER', 'local/misys-Legion:@/tmp/.ICE-unix/2025,unix/misys-Legion:/tmp/.ICE-unix/2025'), ('GDM_LANG', 'en_US'), ('PAPERSIZE', 'a4'), ('XDG_SESSION_PATH', '/org/freedesktop/DisplayManager/Session0'), ('XDG_MENU_PREFIX', 'gnome-'), ('LC_ADDRESS', 'ko_KR.UTF-8'), ('GNOME_TERMINAL_SCREEN', '/org/gnome/Terminal/screen/e8c92532_f520_42df_a086_348ce4a6ed3d'), ('KUBECONFIG', '/home/misys/.kube/config'), ('XDG_RUNTIME_DIR', '/run/user/1000'), ('DISPLAY', ':0'), ('LANG', 'en_US.UTF-8'), ('XDG_CURRENT_DESKTOP', 'ubuntu:GNOME'), ('LC_TELEPHONE', 'ko_KR.UTF-8'), ('RMW_IMPLEMENTATION', 'rmw_cyclonedds_cpp'), ('XMODIFIERS', '@im=ibus'), ('XDG_SESSION_DESKTOP', 'ubuntu-xorg'), ('XAUTHORITY', '/home/misys/.Xauthority'), ('LS_COLORS', 'rs=0:di=01;34:ln=01;36:mh=00:pi=40;33:so=01;35:do=01;35:bd=40;33;01:cd=40;33;01:or=40;31;01:mi=00:su=37;41:sg=30;43:ca=30;41:tw=30;42:ow=34;42:st=37;44:ex=01;32:*.tar=01;31:*.tgz=01;31:*.arc=01;31:*.arj=01;31:*.taz=01;31:*.lha=01;31:*.lz4=01;31:*.lzh=01;31:*.lzma=01;31:*.tlz=01;31:*.txz=01;31:*.tzo=01;31:*.t7z=01;31:*.zip=01;31:*.z=01;31:*.dz=01;31:*.gz=01;31:*.lrz=01;31:*.lz=01;31:*.lzo=01;31:*.xz=01;31:*.zst=01;31:*.tzst=01;31:*.bz2=01;31:*.bz=01;31:*.tbz=01;31:*.tbz2=01;31:*.tz=01;31:*.deb=01;31:*.rpm=01;31:*.jar=01;31:*.war=01;31:*.ear=01;31:*.sar=01;31:*.rar=01;31:*.alz=01;31:*.ace=01;31:*.zoo=01;31:*.cpio=01;31:*.7z=01;31:*.rz=01;31:*.cab=01;31:*.wim=01;31:*.swm=01;31:*.dwm=01;31:*.esd=01;31:*.jpg=01;35:*.jpeg=01;35:*.mjpg=01;35:*.mjpeg=01;35:*.gif=01;35:*.bmp=01;35:*.pbm=01;35:*.pgm=01;35:*.ppm=01;35:*.tga=01;35:*.xbm=01;35:*.xpm=01;35:*.tif=01;35:*.tiff=01;35:*.png=01;35:*.svg=01;35:*.svgz=01;35:*.mng=01;35:*.pcx=01;35:*.mov=01;35:*.mpg=01;35:*.mpeg=01;35:*.m2v=01;35:*.mkv=01;35:*.webm=01;35:*.webp=01;35:*.ogm=01;35:*.mp4=01;35:*.m4v=01;35:*.mp4v=01;35:*.vob=01;35:*.qt=01;35:*.nuv=01;35:*.wmv=01;35:*.asf=01;35:*.rm=01;35:*.rmvb=01;35:*.flc=01;35:*.avi=01;35:*.fli=01;35:*.flv=01;35:*.gl=01;35:*.dl=01;35:*.xcf=01;35:*.xwd=01;35:*.yuv=01;35:*.cgm=01;35:*.emf=01;35:*.ogv=01;35:*.ogx=01;35:*.aac=00;36:*.au=00;36:*.flac=00;36:*.m4a=00;36:*.mid=00;36:*.midi=00;36:*.mka=00;36:*.mp3=00;36:*.mpc=00;36:*.ogg=00;36:*.ra=00;36:*.wav=00;36:*.oga=00;36:*.opus=00;36:*.spx=00;36:*.xspf=00;36:'), ('GNOME_TERMINAL_SERVICE', ':1.100'), ('SSH_AGENT_LAUNCHER', 'gnome-keyring'), ('SSH_AUTH_SOCK', '/run/user/1000/keyring/ssh'), ('ROS_DOMAIN_ID', '77'), ('XDG_GREETER_DATA_DIR', '/var/lib/lightdm-data/misys'), ('AMENT_PREFIX_PATH', '/home/misys/ros2_ws/src/point_display/install/rviz_plugin_tutorial_msgs:/home/misys/ros2_ws/install/cpp_pubsub:/home/misys/ros2_ws/install/tutorial_interfaces:/home/misys/ros2_ws/install/more_interfaces:/home/misys/ros2_ws/install/morai_ros2_msgs:/home/misys/ros2_ws/install/cpp_parameters:/opt/ros/humble'), ('SHELL', '/bin/bash'), ('LC_NAME', 'ko_KR.UTF-8'), ('QT_ACCESSIBILITY', '1'), ('GDMSESSION', 'ubuntu-xorg'), ('LESSCLOSE', '/usr/bin/lesspipe %s %s'), ('LC_MEASUREMENT', 'ko_KR.UTF-8'), ('GPG_AGENT_INFO', '/run/user/1000/gnupg/S.gpg-agent:0:1'), ('LC_IDENTIFICATION', 'ko_KR.UTF-8'), ('QT_IM_MODULE', 'ibus'), ('PWD', '/home/misys/ros2_ws/src/point_display/build/rviz_plugin_tutorial'), ('LC_ALL', 'en_US.UTF-8'), ('XDG_CONFIG_DIRS', '/etc/xdg/xdg-ubuntu-xorg:/etc/xdg'), ('NVM_CD_FLAGS', ''), ('XDG_DATA_DIRS', '/usr/share/ubuntu-xorg:/usr/share/gnome:/usr/local/share:/usr/share:/var/lib/snapd/desktop'), ('PYTHONPATH', '/home/misys/ros2_ws/src/point_display/install/rviz_plugin_tutorial_msgs/local/lib/python3.10/dist-packages:/home/misys/ros2_ws/install/tutorial_interfaces/local/lib/python3.10/dist-packages:/home/misys/ros2_ws/install/more_interfaces/local/lib/python3.10/dist-packages:/home/misys/ros2_ws/install/morai_ros2_msgs/local/lib/python3.10/dist-packages:/opt/ros/humble/lib/python3.10/site-packages:/opt/ros/humble/local/lib/python3.10/dist-packages'), ('LC_NUMERIC', 'ko_KR.UTF-8'), ('LC_PAPER', 'ko_KR.UTF-8'), ('COLCON', '1'), ('VTE_VERSION', '6800'), ('CMAKE_PREFIX_PATH', '/home/misys/ros2_ws/src/point_display/install/rviz_plugin_tutorial_msgs:/home/misys/ros2_ws/install/cpp_pubsub:/home/misys/ros2_ws/install/tutorial_interfaces:/home/misys/ros2_ws/install/more_interfaces:/home/misys/ros2_ws/install/morai_ros2_msgs:/home/misys/ros2_ws/install/cpp_parameters:/opt/ros/humble')]), 'shell': False}
[3.005325] (-) TimerEvent: {}
[3.047237] (rviz_plugin_tutorial) StdoutLine: {'line': b'-- The C compiler identification is GNU 11.4.0\n'}
[3.105515] (-) TimerEvent: {}
[3.108851] (rviz_plugin_tutorial) StdoutLine: {'line': b'-- The CXX compiler identification is GNU 11.4.0\n'}
[3.117101] (rviz_plugin_tutorial) StdoutLine: {'line': b'-- Detecting C compiler ABI info\n'}
[3.194476] (rviz_plugin_tutorial) StdoutLine: {'line': b'-- Detecting C compiler ABI info - done\n'}
[3.202275] (rviz_plugin_tutorial) StdoutLine: {'line': b'-- Check for working C compiler: /usr/bin/cc - skipped\n'}
[3.202492] (rviz_plugin_tutorial) StdoutLine: {'line': b'-- Detecting C compile features\n'}
[3.202598] (rviz_plugin_tutorial) StdoutLine: {'line': b'-- Detecting C compile features - done\n'}
[3.204752] (rviz_plugin_tutorial) StdoutLine: {'line': b'-- Detecting CXX compiler ABI info\n'}
[3.205597] (-) TimerEvent: {}
[3.284119] (rviz_plugin_tutorial) StdoutLine: {'line': b'-- Detecting CXX compiler ABI info - done\n'}
[3.289159] (rviz_plugin_tutorial) StdoutLine: {'line': b'-- Check for working CXX compiler: /usr/bin/c++ - skipped\n'}
[3.289457] (rviz_plugin_tutorial) StdoutLine: {'line': b'-- Detecting CXX compile features\n'}
[3.289547] (rviz_plugin_tutorial) StdoutLine: {'line': b'-- Detecting CXX compile features - done\n'}
[3.305809] (-) TimerEvent: {}
[3.312614] (rviz_plugin_tutorial) StdoutLine: {'line': b'-- Found ament_cmake: 1.3.14 (/opt/ros/humble/share/ament_cmake/cmake)\n'}
[3.405949] (-) TimerEvent: {}
[3.437252] (rviz_plugin_tutorial) StdoutLine: {'line': b'-- Found Python3: /usr/bin/python3 (found version "3.10.12") found components: Interpreter \n'}
[3.501263] (rviz_plugin_tutorial) StdoutLine: {'line': b'-- Found ament_cmake_ros: 0.10.0 (/opt/ros/humble/share/ament_cmake_ros/cmake)\n'}
[3.506131] (-) TimerEvent: {}
[3.514392] (rviz_plugin_tutorial) StdoutLine: {'line': b'-- Found pluginlib: 5.1.0 (/opt/ros/humble/share/pluginlib/cmake)\n'}
[3.540361] (rviz_plugin_tutorial) StdoutLine: {'line': b'-- Found rviz_common: 11.2.13 (/opt/ros/humble/share/rviz_common/cmake)\n'}
[3.544691] (rviz_plugin_tutorial) StdoutLine: {'line': b"-- Setting assimp_DIR to: '/opt/ros/humble/share/rviz_assimp_vendor/cmake/../../../opt/rviz_assimp_vendor/lib/cmake/assimp-4.1'\n"}
[3.549668] (rviz_plugin_tutorial) StdoutLine: {'line': b"-- Setting OGRE_DIR to: '/opt/ros/humble/share/rviz_ogre_vendor/cmake/../../../opt/rviz_ogre_vendor/lib/OGRE/cmake'\n"}
[3.550832] (rviz_plugin_tutorial) StdoutLine: {'line': b'-- Found OGRE\n'}
[3.551098] (rviz_plugin_tutorial) StdoutLine: {'line': b'--   static     : OFF\n'}
[3.551179] (rviz_plugin_tutorial) StdoutLine: {'line': b'--   components : HLMS;MeshLodGenerator;Overlay;Paging;Property;RTShaderSystem;Terrain;Volume\n'}
[3.551245] (rviz_plugin_tutorial) StdoutLine: {'line': b'--   plugins    : Plugin_BSPSceneManager;Plugin_OctreeSceneManager;Plugin_PCZSceneManager;Plugin_ParticleFX;RenderSystem_GL;RenderSystem_GL3Plus;Codec_STBI\n'}
[3.551306] (rviz_plugin_tutorial) StdoutLine: {'line': b'--   media      : /opt/ros/humble/opt/rviz_ogre_vendor/share/OGRE/Media\n'}
[3.551366] (rviz_plugin_tutorial) StdoutLine: {'line': b'-- OGRE_LIBRARIES: OgreHLMS;OgreMeshLodGenerator;OgreOverlay;OgrePaging;OgreProperty;OgreRTShaderSystem;OgreTerrain;OgreVolume;OgreMain\n'}
[3.551425] (rviz_plugin_tutorial) StdoutLine: {'line': b'-- OGRE_LIBRARY_DIRS: /opt/ros/humble/opt/rviz_ogre_vendor/lib\n'}
[3.551483] (rviz_plugin_tutorial) StdoutLine: {'line': b'-- OGRE_PLUGINS: Plugin_BSPSceneManager;Plugin_OctreeSceneManager;Plugin_PCZSceneManager;Plugin_ParticleFX;RenderSystem_GL;RenderSystem_GL3Plus;Codec_STBI\n'}
[3.551541] (rviz_plugin_tutorial) StdoutLine: {'line': b'-- OGRE_PLUGIN_DIR: /opt/ros/humble/opt/rviz_ogre_vendor/lib/OGRE\n'}
[3.551607] (rviz_plugin_tutorial) StdoutLine: {'line': b'-- rviz_ogre_vendor::OgreOverlay for IMPORTED_LOCATION_RELEASE: /opt/ros/humble/opt/rviz_ogre_vendor/lib/libOgreOverlay.so\n'}
[3.551665] (rviz_plugin_tutorial) StdoutLine: {'line': b'-- rviz_ogre_vendor::OgreOverlay for IMPORTED_LOCATION_DEBUG: /opt/ros/humble/opt/rviz_ogre_vendor/lib/libOgreOverlay.so\n'}
[3.551722] (rviz_plugin_tutorial) StdoutLine: {'line': b'-- rviz_ogre_vendor::OgreMain for IMPORTED_LOCATION_RELEASE: /opt/ros/humble/opt/rviz_ogre_vendor/lib/libOgreMain.so\n'}
[3.551779] (rviz_plugin_tutorial) StdoutLine: {'line': b'-- rviz_ogre_vendor::OgreMain for IMPORTED_LOCATION_DEBUG: /opt/ros/humble/opt/rviz_ogre_vendor/lib/libOgreMain.so\n'}
[3.554163] (rviz_plugin_tutorial) StdoutLine: {'line': b'-- Could not find freeimage library\n'}
[3.566916] (rviz_plugin_tutorial) StdoutLine: {'line': b'-- Found ZLIB: /usr/lib/x86_64-linux-gnu/libz.so (found version "1.2.11") \n'}
[3.570227] (rviz_plugin_tutorial) StdoutLine: {'line': b'-- Found OpenGL: /usr/lib/x86_64-linux-gnu/libOpenGL.so   \n'}
[3.606361] (-) TimerEvent: {}
[3.657504] (rviz_plugin_tutorial) StdoutLine: {'line': b'-- Found X11: /usr/include   \n'}
[3.657928] (rviz_plugin_tutorial) StdoutLine: {'line': b'-- Looking for XOpenDisplay in /usr/lib/x86_64-linux-gnu/libX11.so;/usr/lib/x86_64-linux-gnu/libXext.so\n'}
[3.706601] (-) TimerEvent: {}
[3.747346] (rviz_plugin_tutorial) StdoutLine: {'line': b'-- Looking for XOpenDisplay in /usr/lib/x86_64-linux-gnu/libX11.so;/usr/lib/x86_64-linux-gnu/libXext.so - found\n'}
[3.747529] (rviz_plugin_tutorial) StdoutLine: {'line': b'-- Looking for gethostbyname\n'}
[3.806820] (-) TimerEvent: {}
[3.822582] (rviz_plugin_tutorial) StdoutLine: {'line': b'-- Looking for gethostbyname - found\n'}
[3.822753] (rviz_plugin_tutorial) StdoutLine: {'line': b'-- Looking for connect\n'}
[3.890791] (rviz_plugin_tutorial) StdoutLine: {'line': b'-- Looking for connect - found\n'}
[3.890965] (rviz_plugin_tutorial) StdoutLine: {'line': b'-- Looking for remove\n'}
[3.906996] (-) TimerEvent: {}
[3.970608] (rviz_plugin_tutorial) StdoutLine: {'line': b'-- Looking for remove - found\n'}
[3.970745] (rviz_plugin_tutorial) StdoutLine: {'line': b'-- Looking for shmat\n'}
[4.007148] (-) TimerEvent: {}
[4.049429] (rviz_plugin_tutorial) StdoutLine: {'line': b'-- Looking for shmat - found\n'}
[4.049637] (rviz_plugin_tutorial) StdoutLine: {'line': b'-- Looking for IceConnectionNumber in ICE\n'}
[4.107346] (-) TimerEvent: {}
[4.132100] (rviz_plugin_tutorial) StdoutLine: {'line': b'-- Looking for IceConnectionNumber in ICE - found\n'}
[4.207557] (-) TimerEvent: {}
[4.229260] (rviz_plugin_tutorial) StdoutLine: {'line': b'-- library: /usr/lib/x86_64-linux-gnu/libcurl.so\n'}
[4.257904] (rviz_plugin_tutorial) StdoutLine: {'line': b'-- Found rosidl_generator_c: 3.1.5 (/opt/ros/humble/share/rosidl_generator_c/cmake)\n'}
[4.261209] (rviz_plugin_tutorial) StdoutLine: {'line': b'-- Found rosidl_adapter: 3.1.5 (/opt/ros/humble/share/rosidl_adapter/cmake)\n'}
[4.266830] (rviz_plugin_tutorial) StdoutLine: {'line': b'-- Found rosidl_generator_cpp: 3.1.5 (/opt/ros/humble/share/rosidl_generator_cpp/cmake)\n'}
[4.274795] (rviz_plugin_tutorial) StdoutLine: {'line': b'-- Using all available rosidl_typesupport_c: rosidl_typesupport_fastrtps_c;rosidl_typesupport_introspection_c\n'}
[4.283394] (rviz_plugin_tutorial) StdoutLine: {'line': b'-- Using all available rosidl_typesupport_cpp: rosidl_typesupport_fastrtps_cpp;rosidl_typesupport_introspection_cpp\n'}
[4.307706] (-) TimerEvent: {}
[4.334556] (rviz_plugin_tutorial) StdoutLine: {'line': b'-- Found rmw_implementation_cmake: 6.1.2 (/opt/ros/humble/share/rmw_implementation_cmake/cmake)\n'}
[4.336334] (rviz_plugin_tutorial) StdoutLine: {'line': b'-- Found rmw_cyclonedds_cpp: 1.3.4 (/opt/ros/humble/share/rmw_cyclonedds_cpp/cmake)\n'}
[4.350885] (rviz_plugin_tutorial) StdoutLine: {'line': b"-- Using RMW implementation 'rmw_cyclonedds_cpp' as default\n"}
[4.356487] (rviz_plugin_tutorial) StdoutLine: {'line': b'-- Looking for pthread.h\n'}
[4.407927] (-) TimerEvent: {}
[4.433431] (rviz_plugin_tutorial) StdoutLine: {'line': b'-- Looking for pthread.h - found\n'}
[4.433752] (rviz_plugin_tutorial) StdoutLine: {'line': b'-- Performing Test CMAKE_HAVE_LIBC_PTHREAD\n'}
[4.508096] (-) TimerEvent: {}
[4.517774] (rviz_plugin_tutorial) StdoutLine: {'line': b'-- Performing Test CMAKE_HAVE_LIBC_PTHREAD - Success\n'}
[4.518632] (rviz_plugin_tutorial) StdoutLine: {'line': b'-- Found Threads: TRUE  \n'}
[4.572591] (rviz_plugin_tutorial) StdoutLine: {'line': b'-- Found Eigen3: TRUE (found version "3.4.0") \n'}
[4.572688] (rviz_plugin_tutorial) StdoutLine: {'line': b'-- Ensuring Eigen3 include directory is part of orocos-kdl CMake target\n'}
[4.608252] (-) TimerEvent: {}
[4.651579] (rviz_plugin_tutorial) StdoutLine: {'line': b'-- Found rviz_plugin_tutorial_msgs: 0.0.0 (/home/misys/ros2_ws/src/point_display/install/rviz_plugin_tutorial_msgs/share/rviz_plugin_tutorial_msgs/cmake)\n'}
[4.661396] (rviz_plugin_tutorial) StdoutLine: {'line': b'-- Found ament_lint_auto: 0.12.11 (/opt/ros/humble/share/ament_lint_auto/cmake)\n'}
[4.708415] (-) TimerEvent: {}
[4.738684] (rviz_plugin_tutorial) StdoutLine: {'line': b"-- Added test 'copyright' to check source files copyright and LICENSE\n"}
[4.739375] (rviz_plugin_tutorial) StdoutLine: {'line': b"-- Added test 'cppcheck' to perform static code analysis on C / C++ code\n"}
[4.739458] (rviz_plugin_tutorial) StdoutLine: {'line': b'-- Configured cppcheck include dirs: $<BUILD_INTERFACE:/home/misys/ros2_ws/src/point_display/rviz_plugin_tutorial/rviz_plugin_tutorial/include>\n'}
[4.739497] (rviz_plugin_tutorial) StdoutLine: {'line': b'-- Configured cppcheck exclude dirs and/or files: \n'}
[4.740103] (rviz_plugin_tutorial) StdoutLine: {'line': b"-- Added test 'cpplint' to check C / C++ code against the Google style\n"}
[4.740187] (rviz_plugin_tutorial) StdoutLine: {'line': b'-- Configured cpplint exclude dirs and/or files: \n'}
[4.740471] (rviz_plugin_tutorial) StdoutLine: {'line': b"-- Added test 'lint_cmake' to check CMake code style\n"}
[4.741171] (rviz_plugin_tutorial) StdoutLine: {'line': b"-- Added test 'uncrustify' to check C / C++ code style\n"}
[4.741254] (rviz_plugin_tutorial) StdoutLine: {'line': b'-- Configured uncrustify additional arguments: \n'}
[4.741426] (rviz_plugin_tutorial) StdoutLine: {'line': b"-- Added test 'xmllint' to check XML markup files\n"}
[4.742298] (rviz_plugin_tutorial) StdoutLine: {'line': b'-- Configuring done\n'}
[4.773519] (rviz_plugin_tutorial) StdoutLine: {'line': b'-- Generating done\n'}
[4.775380] (rviz_plugin_tutorial) StdoutLine: {'line': b'-- Build files have been written to: /home/misys/ros2_ws/src/point_display/build/rviz_plugin_tutorial\n'}
[4.782991] (rviz_plugin_tutorial) CommandEnded: {'returncode': 0}
[4.783751] (rviz_plugin_tutorial) JobProgress: {'identifier': 'rviz_plugin_tutorial', 'progress': 'build'}
[4.784561] (rviz_plugin_tutorial) Command: {'cmd': ['/usr/bin/cmake', '--build', '/home/misys/ros2_ws/src/point_display/build/rviz_plugin_tutorial', '--', '-j32', '-l32'], 'cwd': '/home/misys/ros2_ws/src/point_display/build/rviz_plugin_tutorial', 'env': OrderedDict([('LESSOPEN', '| /usr/bin/lesspipe %s'), ('LANGUAGE', 'en_US:en'), ('USER', 'misys'), ('LC_TIME', 'ko_KR.UTF-8'), ('XDG_SESSION_TYPE', 'x11'), ('SHLVL', '1'), ('LD_LIBRARY_PATH', '/home/misys/ros2_ws/src/point_display/install/rviz_plugin_tutorial_msgs/lib:/home/misys/ros2_ws/install/tutorial_interfaces/lib:/home/misys/ros2_ws/install/more_interfaces/lib:/home/misys/ros2_ws/install/morai_ros2_msgs/lib:/opt/ros/humble/opt/rviz_ogre_vendor/lib:/opt/ros/humble/lib/x86_64-linux-gnu:/opt/ros/humble/lib:/usr/local/cuda-12.2/lib64'), ('HOME', '/home/misys'), ('OLDPWD', '/home/misys/ros2_ws'), ('DESKTOP_SESSION', 'ubuntu-xorg'), ('NVM_BIN', '/home/misys/.nvm/versions/node/v20.20.2/bin'), ('NVM_INC', '/home/misys/.nvm/versions/node/v20.20.2/include/node'), ('ROS_PYTHON_VERSION', '3'), ('GNOME_SHELL_SESSION_MODE', 'ubuntu'), ('GTK_MODULES', 'gail:atk-bridge'), ('XDG_SEAT_PATH', '/org/freedesktop/DisplayManager/Seat0'), ('LC_MONETARY', 'ko_KR.UTF-8'), ('SYSTEMD_EXEC_PID', '6997'), ('DBUS_SESSION_BUS_ADDRESS', 'unix:path=/run/user/1000/bus'), ('COLORTERM', 'truecolor'), ('NVM_DIR', '/home/misys/.nvm'), ('IM_CONFIG_PHASE', '1'), ('COLCON_PREFIX_PATH', '/home/misys/ros2_ws/install'), ('ROS_DISTRO', 'humble'), ('GTK_IM_MODULE', 'ibus'), ('LOGNAME', 'misys'), ('_', '/usr/bin/colcon'), ('ROS_VERSION', '2'), ('XDG_SESSION_CLASS', 'user'), ('TERM', 'xterm-256color'), ('GNOME_DESKTOP_SESSION_ID', 'this-is-deprecated'), ('ROS_LOCALHOST_ONLY', '0'), ('PATH', '/home/misys/.nvm/versions/node/v20.20.2/bin:/opt/ros/humble/bin:/usr/local/cuda-12.2/bin:/home/misys/.local/bin:/usr/local/sbin:/usr/local/bin:/usr/sbin:/usr/bin:/sbin:/bin:/usr/games:/usr/local/games:/snap/bin'), ('SESSION_MANAGER', 'local/misys-Legion:@/tmp/.ICE-unix/2025,unix/misys-Legion:/tmp/.ICE-unix/2025'), ('GDM_LANG', 'en_US'), ('PAPERSIZE', 'a4'), ('XDG_SESSION_PATH', '/org/freedesktop/DisplayManager/Session0'), ('XDG_MENU_PREFIX', 'gnome-'), ('LC_ADDRESS', 'ko_KR.UTF-8'), ('GNOME_TERMINAL_SCREEN', '/org/gnome/Terminal/screen/e8c92532_f520_42df_a086_348ce4a6ed3d'), ('KUBECONFIG', '/home/misys/.kube/config'), ('XDG_RUNTIME_DIR', '/run/user/1000'), ('DISPLAY', ':0'), ('LANG', 'en_US.UTF-8'), ('XDG_CURRENT_DESKTOP', 'ubuntu:GNOME'), ('LC_TELEPHONE', 'ko_KR.UTF-8'), ('RMW_IMPLEMENTATION', 'rmw_cyclonedds_cpp'), ('XMODIFIERS', '@im=ibus'), ('XDG_SESSION_DESKTOP', 'ubuntu-xorg'), ('XAUTHORITY', '/home/misys/.Xauthority'), ('LS_COLORS', 'rs=0:di=01;34:ln=01;36:mh=00:pi=40;33:so=01;35:do=01;35:bd=40;33;01:cd=40;33;01:or=40;31;01:mi=00:su=37;41:sg=30;43:ca=30;41:tw=30;42:ow=34;42:st=37;44:ex=01;32:*.tar=01;31:*.tgz=01;31:*.arc=01;31:*.arj=01;31:*.taz=01;31:*.lha=01;31:*.lz4=01;31:*.lzh=01;31:*.lzma=01;31:*.tlz=01;31:*.txz=01;31:*.tzo=01;31:*.t7z=01;31:*.zip=01;31:*.z=01;31:*.dz=01;31:*.gz=01;31:*.lrz=01;31:*.lz=01;31:*.lzo=01;31:*.xz=01;31:*.zst=01;31:*.tzst=01;31:*.bz2=01;31:*.bz=01;31:*.tbz=01;31:*.tbz2=01;31:*.tz=01;31:*.deb=01;31:*.rpm=01;31:*.jar=01;31:*.war=01;31:*.ear=01;31:*.sar=01;31:*.rar=01;31:*.alz=01;31:*.ace=01;31:*.zoo=01;31:*.cpio=01;31:*.7z=01;31:*.rz=01;31:*.cab=01;31:*.wim=01;31:*.swm=01;31:*.dwm=01;31:*.esd=01;31:*.jpg=01;35:*.jpeg=01;35:*.mjpg=01;35:*.mjpeg=01;35:*.gif=01;35:*.bmp=01;35:*.pbm=01;35:*.pgm=01;35:*.ppm=01;35:*.tga=01;35:*.xbm=01;35:*.xpm=01;35:*.tif=01;35:*.tiff=01;35:*.png=01;35:*.svg=01;35:*.svgz=01;35:*.mng=01;35:*.pcx=01;35:*.mov=01;35:*.mpg=01;35:*.mpeg=01;35:*.m2v=01;35:*.mkv=01;35:*.webm=01;35:*.webp=01;35:*.ogm=01;35:*.mp4=01;35:*.m4v=01;35:*.mp4v=01;35:*.vob=01;35:*.qt=01;35:*.nuv=01;35:*.wmv=01;35:*.asf=01;35:*.rm=01;35:*.rmvb=01;35:*.flc=01;35:*.avi=01;35:*.fli=01;35:*.flv=01;35:*.gl=01;35:*.dl=01;35:*.xcf=01;35:*.xwd=01;35:*.yuv=01;35:*.cgm=01;35:*.emf=01;35:*.ogv=01;35:*.ogx=01;35:*.aac=00;36:*.au=00;36:*.flac=00;36:*.m4a=00;36:*.mid=00;36:*.midi=00;36:*.mka=00;36:*.mp3=00;36:*.mpc=00;36:*.ogg=00;36:*.ra=00;36:*.wav=00;36:*.oga=00;36:*.opus=00;36:*.spx=00;36:*.xspf=00;36:'), ('GNOME_TERMINAL_SERVICE', ':1.100'), ('SSH_AGENT_LAUNCHER', 'gnome-keyring'), ('SSH_AUTH_SOCK', '/run/user/1000/keyring/ssh'), ('ROS_DOMAIN_ID', '77'), ('XDG_GREETER_DATA_DIR', '/var/lib/lightdm-data/misys'), ('AMENT_PREFIX_PATH', '/home/misys/ros2_ws/src/point_display/install/rviz_plugin_tutorial_msgs:/home/misys/ros2_ws/install/cpp_pubsub:/home/misys/ros2_ws/install/tutorial_interfaces:/home/misys/ros2_ws/install/more_interfaces:/home/misys/ros2_ws/install/morai_ros2_msgs:/home/misys/ros2_ws/install/cpp_parameters:/opt/ros/humble'), ('SHELL', '/bin/bash'), ('LC_NAME', 'ko_KR.UTF-8'), ('QT_ACCESSIBILITY', '1'), ('GDMSESSION', 'ubuntu-xorg'), ('LESSCLOSE', '/usr/bin/lesspipe %s %s'), ('LC_MEASUREMENT', 'ko_KR.UTF-8'), ('GPG_AGENT_INFO', '/run/user/1000/gnupg/S.gpg-agent:0:1'), ('LC_IDENTIFICATION', 'ko_KR.UTF-8'), ('QT_IM_MODULE', 'ibus'), ('PWD', '/home/misys/ros2_ws/src/point_display/build/rviz_plugin_tutorial'), ('LC_ALL', 'en_US.UTF-8'), ('XDG_CONFIG_DIRS', '/etc/xdg/xdg-ubuntu-xorg:/etc/xdg'), ('NVM_CD_FLAGS', ''), ('XDG_DATA_DIRS', '/usr/share/ubuntu-xorg:/usr/share/gnome:/usr/local/share:/usr/share:/var/lib/snapd/desktop'), ('PYTHONPATH', '/home/misys/ros2_ws/src/point_display/install/rviz_plugin_tutorial_msgs/local/lib/python3.10/dist-packages:/home/misys/ros2_ws/install/tutorial_interfaces/local/lib/python3.10/dist-packages:/home/misys/ros2_ws/install/more_interfaces/local/lib/python3.10/dist-packages:/home/misys/ros2_ws/install/morai_ros2_msgs/local/lib/python3.10/dist-packages:/opt/ros/humble/lib/python3.10/site-packages:/opt/ros/humble/local/lib/python3.10/dist-packages'), ('LC_NUMERIC', 'ko_KR.UTF-8'), ('LC_PAPER', 'ko_KR.UTF-8'), ('COLCON', '1'), ('VTE_VERSION', '6800'), ('CMAKE_PREFIX_PATH', '/home/misys/ros2_ws/src/point_display/install/rviz_plugin_tutorial_msgs:/home/misys/ros2_ws/install/cpp_pubsub:/home/misys/ros2_ws/install/tutorial_interfaces:/home/misys/ros2_ws/install/more_interfaces:/home/misys/ros2_ws/install/morai_ros2_msgs:/home/misys/ros2_ws/install/cpp_parameters:/opt/ros/humble')]), 'shell': False}
[4.808583] (-) TimerEvent: {}
[4.839694] (rviz_plugin_tutorial) StdoutLine: {'line': b'[ 16%] \x1b[34m\x1b[1mAutomatic MOC for target point_display\x1b[0m\n'}
[4.881711] (rviz_plugin_tutorial) StdoutLine: {'line': b'[ 16%] Built target point_display_autogen\n'}
[4.895500] (rviz_plugin_tutorial) StdoutLine: {'line': b'[ 33%] \x1b[34m\x1b[1mGenerating include/rviz_plugin_tutorial/moc_point_display.cpp\x1b[0m\n'}
[4.908739] (-) TimerEvent: {}
[4.920945] (rviz_plugin_tutorial) StdoutLine: {'line': b'[ 50%] \x1b[32mBuilding CXX object CMakeFiles/point_display.dir/src/point_display.cpp.o\x1b[0m\n'}
[4.921301] (rviz_plugin_tutorial) StdoutLine: {'line': b'[ 66%] \x1b[32mBuilding CXX object CMakeFiles/point_display.dir/include/rviz_plugin_tutorial/moc_point_display.cpp.o\x1b[0m\n'}
[4.922136] (rviz_plugin_tutorial) StdoutLine: {'line': b'[ 83%] \x1b[32mBuilding CXX object CMakeFiles/point_display.dir/point_display_autogen/mocs_compilation.cpp.o\x1b[0m\n'}
[5.008916] (-) TimerEvent: {}
[5.109258] (-) TimerEvent: {}
[5.209568] (-) TimerEvent: {}
[5.309888] (-) TimerEvent: {}
[5.410235] (-) TimerEvent: {}
[5.510561] (-) TimerEvent: {}
[5.610894] (-) TimerEvent: {}
[5.711154] (-) TimerEvent: {}
[5.811484] (-) TimerEvent: {}
[5.911805] (-) TimerEvent: {}
[6.012154] (-) TimerEvent: {}
[6.112506] (-) TimerEvent: {}
[6.212829] (-) TimerEvent: {}
[6.313185] (-) TimerEvent: {}
[6.413519] (-) TimerEvent: {}
[6.513843] (-) TimerEvent: {}
[6.614192] (-) TimerEvent: {}
[6.714514] (-) TimerEvent: {}
[6.814839] (-) TimerEvent: {}
[6.915080] (-) TimerEvent: {}
[7.015429] (-) TimerEvent: {}
[7.115681] (-) TimerEvent: {}
[7.215964] (-) TimerEvent: {}
[7.316282] (-) TimerEvent: {}
[7.416563] (-) TimerEvent: {}
[7.516827] (-) TimerEvent: {}
[7.617095] (-) TimerEvent: {}
[7.717358] (-) TimerEvent: {}
[7.817627] (-) TimerEvent: {}
[7.917899] (-) TimerEvent: {}
[8.018183] (-) TimerEvent: {}
[8.118450] (-) TimerEvent: {}
[8.218719] (-) TimerEvent: {}
[8.319003] (-) TimerEvent: {}
[8.419280] (-) TimerEvent: {}
[8.519549] (-) TimerEvent: {}
[8.619818] (-) TimerEvent: {}
[8.720097] (-) TimerEvent: {}
[8.820357] (-) TimerEvent: {}
[8.920627] (-) TimerEvent: {}
[9.020926] (-) TimerEvent: {}
[9.121236] (-) TimerEvent: {}
[9.221490] (-) TimerEvent: {}
[9.321761] (-) TimerEvent: {}
[9.422037] (-) TimerEvent: {}
[9.522332] (-) TimerEvent: {}
[9.622624] (-) TimerEvent: {}
[9.722927] (-) TimerEvent: {}
[9.823225] (-) TimerEvent: {}
[9.923488] (-) TimerEvent: {}
[10.023751] (-) TimerEvent: {}
[10.124016] (-) TimerEvent: {}
[10.224500] (-) TimerEvent: {}
[10.324895] (-) TimerEvent: {}
[10.425287] (-) TimerEvent: {}
[10.525682] (-) TimerEvent: {}
[10.626068] (-) TimerEvent: {}
[10.726412] (-) TimerEvent: {}
[10.826801] (-) TimerEvent: {}
[10.927188] (-) TimerEvent: {}
[11.027585] (-) TimerEvent: {}
[11.127986] (-) TimerEvent: {}
[11.228298] (-) TimerEvent: {}
[11.328599] (-) TimerEvent: {}
[11.428854] (-) TimerEvent: {}
[11.529118] (-) TimerEvent: {}
[11.629458] (-) TimerEvent: {}
[11.729734] (-) TimerEvent: {}
[11.769948] (rviz_plugin_tutorial) StdoutLine: {'line': b'[100%] \x1b[32m\x1b[1mLinking CXX shared library libpoint_display.so\x1b[0m\n'}
[11.829917] (-) TimerEvent: {}
[11.930161] (-) TimerEvent: {}
[12.030416] (-) TimerEvent: {}
[12.130798] (-) TimerEvent: {}
[12.231101] (-) TimerEvent: {}
[12.331331] (-) TimerEvent: {}
[12.431663] (-) TimerEvent: {}
[12.483679] (rviz_plugin_tutorial) StdoutLine: {'line': b'[100%] Built target point_display\n'}
[12.494784] (rviz_plugin_tutorial) CommandEnded: {'returncode': 0}
[12.531782] (-) TimerEvent: {}
[12.536767] (rviz_plugin_tutorial) JobProgress: {'identifier': 'rviz_plugin_tutorial', 'progress': 'install'}
[12.537751] (rviz_plugin_tutorial) Command: {'cmd': ['/usr/bin/cmake', '--install', '/home/misys/ros2_ws/src/point_display/build/rviz_plugin_tutorial'], 'cwd': '/home/misys/ros2_ws/src/point_display/build/rviz_plugin_tutorial', 'env': OrderedDict([('LESSOPEN', '| /usr/bin/lesspipe %s'), ('LANGUAGE', 'en_US:en'), ('USER', 'misys'), ('LC_TIME', 'ko_KR.UTF-8'), ('XDG_SESSION_TYPE', 'x11'), ('SHLVL', '1'), ('LD_LIBRARY_PATH', '/home/misys/ros2_ws/src/point_display/install/rviz_plugin_tutorial_msgs/lib:/home/misys/ros2_ws/install/tutorial_interfaces/lib:/home/misys/ros2_ws/install/more_interfaces/lib:/home/misys/ros2_ws/install/morai_ros2_msgs/lib:/opt/ros/humble/opt/rviz_ogre_vendor/lib:/opt/ros/humble/lib/x86_64-linux-gnu:/opt/ros/humble/lib:/usr/local/cuda-12.2/lib64'), ('HOME', '/home/misys'), ('OLDPWD', '/home/misys/ros2_ws'), ('DESKTOP_SESSION', 'ubuntu-xorg'), ('NVM_BIN', '/home/misys/.nvm/versions/node/v20.20.2/bin'), ('NVM_INC', '/home/misys/.nvm/versions/node/v20.20.2/include/node'), ('ROS_PYTHON_VERSION', '3'), ('GNOME_SHELL_SESSION_MODE', 'ubuntu'), ('GTK_MODULES', 'gail:atk-bridge'), ('XDG_SEAT_PATH', '/org/freedesktop/DisplayManager/Seat0'), ('LC_MONETARY', 'ko_KR.UTF-8'), ('SYSTEMD_EXEC_PID', '6997'), ('DBUS_SESSION_BUS_ADDRESS', 'unix:path=/run/user/1000/bus'), ('COLORTERM', 'truecolor'), ('NVM_DIR', '/home/misys/.nvm'), ('IM_CONFIG_PHASE', '1'), ('COLCON_PREFIX_PATH', '/home/misys/ros2_ws/install'), ('ROS_DISTRO', 'humble'), ('GTK_IM_MODULE', 'ibus'), ('LOGNAME', 'misys'), ('_', '/usr/bin/colcon'), ('ROS_VERSION', '2'), ('XDG_SESSION_CLASS', 'user'), ('TERM', 'xterm-256color'), ('GNOME_DESKTOP_SESSION_ID', 'this-is-deprecated'), ('ROS_LOCALHOST_ONLY', '0'), ('PATH', '/home/misys/.nvm/versions/node/v20.20.2/bin:/opt/ros/humble/bin:/usr/local/cuda-12.2/bin:/home/misys/.local/bin:/usr/local/sbin:/usr/local/bin:/usr/sbin:/usr/bin:/sbin:/bin:/usr/games:/usr/local/games:/snap/bin'), ('SESSION_MANAGER', 'local/misys-Legion:@/tmp/.ICE-unix/2025,unix/misys-Legion:/tmp/.ICE-unix/2025'), ('GDM_LANG', 'en_US'), ('PAPERSIZE', 'a4'), ('XDG_SESSION_PATH', '/org/freedesktop/DisplayManager/Session0'), ('XDG_MENU_PREFIX', 'gnome-'), ('LC_ADDRESS', 'ko_KR.UTF-8'), ('GNOME_TERMINAL_SCREEN', '/org/gnome/Terminal/screen/e8c92532_f520_42df_a086_348ce4a6ed3d'), ('KUBECONFIG', '/home/misys/.kube/config'), ('XDG_RUNTIME_DIR', '/run/user/1000'), ('DISPLAY', ':0'), ('LANG', 'en_US.UTF-8'), ('XDG_CURRENT_DESKTOP', 'ubuntu:GNOME'), ('LC_TELEPHONE', 'ko_KR.UTF-8'), ('RMW_IMPLEMENTATION', 'rmw_cyclonedds_cpp'), ('XMODIFIERS', '@im=ibus'), ('XDG_SESSION_DESKTOP', 'ubuntu-xorg'), ('XAUTHORITY', '/home/misys/.Xauthority'), ('LS_COLORS', 'rs=0:di=01;34:ln=01;36:mh=00:pi=40;33:so=01;35:do=01;35:bd=40;33;01:cd=40;33;01:or=40;31;01:mi=00:su=37;41:sg=30;43:ca=30;41:tw=30;42:ow=34;42:st=37;44:ex=01;32:*.tar=01;31:*.tgz=01;31:*.arc=01;31:*.arj=01;31:*.taz=01;31:*.lha=01;31:*.lz4=01;31:*.lzh=01;31:*.lzma=01;31:*.tlz=01;31:*.txz=01;31:*.tzo=01;31:*.t7z=01;31:*.zip=01;31:*.z=01;31:*.dz=01;31:*.gz=01;31:*.lrz=01;31:*.lz=01;31:*.lzo=01;31:*.xz=01;31:*.zst=01;31:*.tzst=01;31:*.bz2=01;31:*.bz=01;31:*.tbz=01;31:*.tbz2=01;31:*.tz=01;31:*.deb=01;31:*.rpm=01;31:*.jar=01;31:*.war=01;31:*.ear=01;31:*.sar=01;31:*.rar=01;31:*.alz=01;31:*.ace=01;31:*.zoo=01;31:*.cpio=01;31:*.7z=01;31:*.rz=01;31:*.cab=01;31:*.wim=01;31:*.swm=01;31:*.dwm=01;31:*.esd=01;31:*.jpg=01;35:*.jpeg=01;35:*.mjpg=01;35:*.mjpeg=01;35:*.gif=01;35:*.bmp=01;35:*.pbm=01;35:*.pgm=01;35:*.ppm=01;35:*.tga=01;35:*.xbm=01;35:*.xpm=01;35:*.tif=01;35:*.tiff=01;35:*.png=01;35:*.svg=01;35:*.svgz=01;35:*.mng=01;35:*.pcx=01;35:*.mov=01;35:*.mpg=01;35:*.mpeg=01;35:*.m2v=01;35:*.mkv=01;35:*.webm=01;35:*.webp=01;35:*.ogm=01;35:*.mp4=01;35:*.m4v=01;35:*.mp4v=01;35:*.vob=01;35:*.qt=01;35:*.nuv=01;35:*.wmv=01;35:*.asf=01;35:*.rm=01;35:*.rmvb=01;35:*.flc=01;35:*.avi=01;35:*.fli=01;35:*.flv=01;35:*.gl=01;35:*.dl=01;35:*.xcf=01;35:*.xwd=01;35:*.yuv=01;35:*.cgm=01;35:*.emf=01;35:*.ogv=01;35:*.ogx=01;35:*.aac=00;36:*.au=00;36:*.flac=00;36:*.m4a=00;36:*.mid=00;36:*.midi=00;36:*.mka=00;36:*.mp3=00;36:*.mpc=00;36:*.ogg=00;36:*.ra=00;36:*.wav=00;36:*.oga=00;36:*.opus=00;36:*.spx=00;36:*.xspf=00;36:'), ('GNOME_TERMINAL_SERVICE', ':1.100'), ('SSH_AGENT_LAUNCHER', 'gnome-keyring'), ('SSH_AUTH_SOCK', '/run/user/1000/keyring/ssh'), ('ROS_DOMAIN_ID', '77'), ('XDG_GREETER_DATA_DIR', '/var/lib/lightdm-data/misys'), ('AMENT_PREFIX_PATH', '/home/misys/ros2_ws/src/point_display/install/rviz_plugin_tutorial_msgs:/home/misys/ros2_ws/install/cpp_pubsub:/home/misys/ros2_ws/install/tutorial_interfaces:/home/misys/ros2_ws/install/more_interfaces:/home/misys/ros2_ws/install/morai_ros2_msgs:/home/misys/ros2_ws/install/cpp_parameters:/opt/ros/humble'), ('SHELL', '/bin/bash'), ('LC_NAME', 'ko_KR.UTF-8'), ('QT_ACCESSIBILITY', '1'), ('GDMSESSION', 'ubuntu-xorg'), ('LESSCLOSE', '/usr/bin/lesspipe %s %s'), ('LC_MEASUREMENT', 'ko_KR.UTF-8'), ('GPG_AGENT_INFO', '/run/user/1000/gnupg/S.gpg-agent:0:1'), ('LC_IDENTIFICATION', 'ko_KR.UTF-8'), ('QT_IM_MODULE', 'ibus'), ('PWD', '/home/misys/ros2_ws/src/point_display/build/rviz_plugin_tutorial'), ('LC_ALL', 'en_US.UTF-8'), ('XDG_CONFIG_DIRS', '/etc/xdg/xdg-ubuntu-xorg:/etc/xdg'), ('NVM_CD_FLAGS', ''), ('XDG_DATA_DIRS', '/usr/share/ubuntu-xorg:/usr/share/gnome:/usr/local/share:/usr/share:/var/lib/snapd/desktop'), ('PYTHONPATH', '/home/misys/ros2_ws/src/point_display/install/rviz_plugin_tutorial_msgs/local/lib/python3.10/dist-packages:/home/misys/ros2_ws/install/tutorial_interfaces/local/lib/python3.10/dist-packages:/home/misys/ros2_ws/install/more_interfaces/local/lib/python3.10/dist-packages:/home/misys/ros2_ws/install/morai_ros2_msgs/local/lib/python3.10/dist-packages:/opt/ros/humble/lib/python3.10/site-packages:/opt/ros/humble/local/lib/python3.10/dist-packages'), ('LC_NUMERIC', 'ko_KR.UTF-8'), ('LC_PAPER', 'ko_KR.UTF-8'), ('COLCON', '1'), ('VTE_VERSION', '6800'), ('CMAKE_PREFIX_PATH', '/home/misys/ros2_ws/src/point_display/install/rviz_plugin_tutorial_msgs:/home/misys/ros2_ws/install/cpp_pubsub:/home/misys/ros2_ws/install/tutorial_interfaces:/home/misys/ros2_ws/install/more_interfaces:/home/misys/ros2_ws/install/morai_ros2_msgs:/home/misys/ros2_ws/install/cpp_parameters:/opt/ros/humble')]), 'shell': False}
[12.546003] (rviz_plugin_tutorial) StdoutLine: {'line': b'-- Install configuration: ""\n'}
[12.546157] (rviz_plugin_tutorial) StdoutLine: {'line': b'-- Installing: /home/misys/ros2_ws/src/point_display/install/rviz_plugin_tutorial/lib/libpoint_display.so\n'}
[12.551413] (rviz_plugin_tutorial) StdoutLine: {'line': b'-- Set runtime path of "/home/misys/ros2_ws/src/point_display/install/rviz_plugin_tutorial/lib/libpoint_display.so" to ""\n'}
[12.551577] (rviz_plugin_tutorial) StdoutLine: {'line': b'-- Installing: /home/misys/ros2_ws/src/point_display/install/rviz_plugin_tutorial/include\n'}
[12.551648] (rviz_plugin_tutorial) StdoutLine: {'line': b'-- Installing: /home/misys/ros2_ws/src/point_display/install/rviz_plugin_tutorial/include/rviz_plugin_tutorial\n'}
[12.551705] (rviz_plugin_tutorial) StdoutLine: {'line': b'-- Installing: /home/misys/ros2_ws/src/point_display/install/rviz_plugin_tutorial/include/rviz_plugin_tutorial/point_display.hpp\n'}
[12.551912] (rviz_plugin_tutorial) StdoutLine: {'line': b'-- Installing: /home/misys/ros2_ws/src/point_display/install/rviz_plugin_tutorial/share/rviz_plugin_tutorial/rviz_common_plugins.xml\n'}
[12.552081] (rviz_plugin_tutorial) StdoutLine: {'line': b'-- Installing: /home/misys/ros2_ws/src/point_display/install/rviz_plugin_tutorial/share/rviz_plugin_tutorial/icons/classes/Point2D.png\n'}
[12.552159] (rviz_plugin_tutorial) StdoutLine: {'line': b'-- Up-to-date: /home/misys/ros2_ws/src/point_display/install/rviz_plugin_tutorial/share/rviz_plugin_tutorial/rviz_common_plugins.xml\n'}
[12.552377] (rviz_plugin_tutorial) StdoutLine: {'line': b'-- Installing: /home/misys/ros2_ws/src/point_display/install/rviz_plugin_tutorial/share/ament_index/resource_index/package_run_dependencies/rviz_plugin_tutorial\n'}
[12.552560] (rviz_plugin_tutorial) StdoutLine: {'line': b'-- Installing: /home/misys/ros2_ws/src/point_display/install/rviz_plugin_tutorial/share/ament_index/resource_index/parent_prefix_path/rviz_plugin_tutorial\n'}
[12.552632] (rviz_plugin_tutorial) StdoutLine: {'line': b'-- Installing: /home/misys/ros2_ws/src/point_display/install/rviz_plugin_tutorial/share/rviz_plugin_tutorial/environment/ament_prefix_path.sh\n'}
[12.552692] (rviz_plugin_tutorial) StdoutLine: {'line': b'-- Installing: /home/misys/ros2_ws/src/point_display/install/rviz_plugin_tutorial/share/rviz_plugin_tutorial/environment/ament_prefix_path.dsv\n'}
[12.552752] (rviz_plugin_tutorial) StdoutLine: {'line': b'-- Installing: /home/misys/ros2_ws/src/point_display/install/rviz_plugin_tutorial/share/rviz_plugin_tutorial/environment/path.sh\n'}
[12.552808] (rviz_plugin_tutorial) StdoutLine: {'line': b'-- Installing: /home/misys/ros2_ws/src/point_display/install/rviz_plugin_tutorial/share/rviz_plugin_tutorial/environment/path.dsv\n'}
[12.552862] (rviz_plugin_tutorial) StdoutLine: {'line': b'-- Installing: /home/misys/ros2_ws/src/point_display/install/rviz_plugin_tutorial/share/rviz_plugin_tutorial/local_setup.bash\n'}
[12.552919] (rviz_plugin_tutorial) StdoutLine: {'line': b'-- Installing: /home/misys/ros2_ws/src/point_display/install/rviz_plugin_tutorial/share/rviz_plugin_tutorial/local_setup.sh\n'}
[12.553059] (rviz_plugin_tutorial) StdoutLine: {'line': b'-- Installing: /home/misys/ros2_ws/src/point_display/install/rviz_plugin_tutorial/share/rviz_plugin_tutorial/local_setup.zsh\n'}
[12.553243] (rviz_plugin_tutorial) StdoutLine: {'line': b'-- Installing: /home/misys/ros2_ws/src/point_display/install/rviz_plugin_tutorial/share/rviz_plugin_tutorial/local_setup.dsv\n'}
[12.553308] (rviz_plugin_tutorial) StdoutLine: {'line': b'-- Installing: /home/misys/ros2_ws/src/point_display/install/rviz_plugin_tutorial/share/rviz_plugin_tutorial/package.dsv\n'}
[12.553396] (rviz_plugin_tutorial) StdoutLine: {'line': b'-- Installing: /home/misys/ros2_ws/src/point_display/install/rviz_plugin_tutorial/share/ament_index/resource_index/packages/rviz_plugin_tutorial\n'}
[12.553450] (rviz_plugin_tutorial) StdoutLine: {'line': b'-- Installing: /home/misys/ros2_ws/src/point_display/install/rviz_plugin_tutorial/share/ament_index/resource_index/rviz_common__pluginlib__plugin/rviz_plugin_tutorial\n'}
[12.553503] (rviz_plugin_tutorial) StdoutLine: {'line': b'-- Installing: /home/misys/ros2_ws/src/point_display/install/rviz_plugin_tutorial/share/rviz_plugin_tutorial/cmake/export_rviz_plugin_tutorialExport.cmake\n'}
[12.553554] (rviz_plugin_tutorial) StdoutLine: {'line': b'-- Installing: /home/misys/ros2_ws/src/point_display/install/rviz_plugin_tutorial/share/rviz_plugin_tutorial/cmake/export_rviz_plugin_tutorialExport-noconfig.cmake\n'}
[12.553606] (rviz_plugin_tutorial) StdoutLine: {'line': b'-- Installing: /home/misys/ros2_ws/src/point_display/install/rviz_plugin_tutorial/share/rviz_plugin_tutorial/cmake/ament_cmake_export_include_directories-extras.cmake\n'}
[12.553656] (rviz_plugin_tutorial) StdoutLine: {'line': b'-- Installing: /home/misys/ros2_ws/src/point_display/install/rviz_plugin_tutorial/share/rviz_plugin_tutorial/cmake/ament_cmake_export_targets-extras.cmake\n'}
[12.553746] (rviz_plugin_tutorial) StdoutLine: {'line': b'-- Installing: /home/misys/ros2_ws/src/point_display/install/rviz_plugin_tutorial/share/rviz_plugin_tutorial/cmake/rviz_plugin_tutorialConfig.cmake\n'}
[12.553803] (rviz_plugin_tutorial) StdoutLine: {'line': b'-- Installing: /home/misys/ros2_ws/src/point_display/install/rviz_plugin_tutorial/share/rviz_plugin_tutorial/cmake/rviz_plugin_tutorialConfig-version.cmake\n'}
[12.553855] (rviz_plugin_tutorial) StdoutLine: {'line': b'-- Installing: /home/misys/ros2_ws/src/point_display/install/rviz_plugin_tutorial/share/rviz_plugin_tutorial/package.xml\n'}
[12.556015] (rviz_plugin_tutorial) CommandEnded: {'returncode': 0}
[12.611087] (rviz_plugin_tutorial) JobEnded: {'identifier': 'rviz_plugin_tutorial', 'rc': 0}
[12.611896] (-) EventReactorShutdown: {}
